"id";"C1";"C2";"C3";"C4";"C5";"C6";"C7";"HORMIGUERO";"SITIO";"MES";"ESPECIE_VEGETAL";"ESTADO";"ORGANO"
"ID001";0,849365816568312;0,486752255959972;0,0198410947443703;1,34381227763152e-06;2,8679750088881e-13;4,17501005585051e-19;4,69835486089801e-26;"H1";"V";"OCT";"sin";"seco";"fruto"
"ID002";1;0,135335283236613;0,00153381067932446;1,52299797447126e-08;4,76530473529909e-16;1,92874984796392e-22;6,03486080597101e-30;"H6";"V";"OCT";"sin";"seco";"tallo"
"ID003";0,0733696513683829;0,486752255959972;0,923116346386636;0,0198410947443703;1,34381227763152e-06;9,10147076448794e-11;4,76530473529909e-16;"H9";"V";"OCT";"Y";"verde";"hoja"
"ID004";1;0,135335283236613;0,00153381067932446;1,52299797447126e-08;4,76530473529909e-16;1,92874984796392e-22;6,03486080597101e-30;"H9";"V";"OCT";"Y";"verde";"flor"
"ID005";1;0,135335283236613;0,00153381067932446;1,52299797447126e-08;4,76530473529909e-16;1,92874984796392e-22;6,03486080597101e-30;"H5";"V";"OCT";"sin";"seco";"tallo"
"ID006";0,849365816568312;0,486752255959972;0,0198410947443703;1,34381227763152e-06;2,8679750088881e-13;4,17501005585051e-19;4,69835486089801e-26;"H10";"M";"OCT";"AF";"verde";"hoja"
"ID007";0,960005441285478;0,278037300453194;0,00597602289500594;1,5497531357029e-07;1,26641655490942e-14;9,72098502030078e-21;5,76832996124788e-28;"H10";"M";"OCT";"sin";"seco";"tallo"
"ID008";1;0,135335283236613;0,00153381067932446;1,52299797447126e-08;4,76530473529909e-16;1,92874984796392e-22;6,03486080597101e-30;"H10";"M";"OCT";"AQ";"seco";"tallo"
"ID009";1;0,135335283236613;0,00153381067932446;1,52299797447126e-08;4,76530473529909e-16;1,92874984796392e-22;6,03486080597101e-30;"H10";"M";"OCT";"T";"verde";"hoja"
"ID010";1;0,135335283236613;0,00153381067932446;1,52299797447126e-08;4,76530473529909e-16;1,92874984796392e-22;6,03486080597101e-30;"H10";"M";"OCT";"AD";"verde";"hoja"
"ID011";1;0,135335283236613;0,00153381067932446;1,52299797447126e-08;4,76530473529909e-16;1,92874984796392e-22;6,03486080597101e-30;"H10";"M";"OCT";"AD";"verde";"flor"
"ID012";1;0,135335283236613;0,00153381067932446;1,52299797447126e-08;4,76530473529909e-16;1,92874984796392e-22;6,03486080597101e-30;"H10";"M";"OCT";"AB";"verde";"hoja"
"ID013";1;0,135335283236613;0,00153381067932446;1,52299797447126e-08;4,76530473529909e-16;1,92874984796392e-22;6,03486080597101e-30;"H10";"M";"OCT";"G";"verde";"hoja"
"ID014";1;0,135335283236613;0,00153381067932446;1,52299797447126e-08;4,76530473529909e-16;1,92874984796392e-22;6,03486080597101e-30;"H10";"M";"OCT";"G";"verde";"flor"
"ID015";0,520450121020702;0,923116346386636;0,135335283236613;6,25215037748203e-05;9,10147076448794e-11;4,76530473529909e-16;1,92874984796392e-22;"H10";"M";"OCT";"AQ";"seco";"hoja"
"ID016";0,692569324205198;0,726149037073691;0,0561347628341337;9,92950430585108e-06;5,53461007170101e-12;1,5279799682873e-17;3,26102718071105e-24;"H10";"M";"OCT";"AF";"seco";"hoja"
"ID017";0,849365816568312;0,486752255959972;0,0198410947443703;1,34381227763152e-06;2,8679750088881e-13;4,17501005585051e-19;4,69835486089801e-26;"H10";"M";"OCT";"AF";"verde";"hoja"
"ID018";0,692569324205198;0,726149037073691;0,0561347628341337;9,92950430585108e-06;5,53461007170101e-12;1,5279799682873e-17;3,26102718071105e-24;"H10";"M";"OCT";"AF";"verde";"flor"
"ID019";0,960005441285478;0,278037300453194;0,00597602289500594;1,5497531357029e-07;1,26641655490942e-14;9,72098502030078e-21;5,76832996124788e-28;"H10";"M";"OCT";"sin";"seco";"tallo"
"ID020";0,960005441285478;0,278037300453194;0,00597602289500594;1,5497531357029e-07;1,26641655490942e-14;9,72098502030078e-21;5,76832996124788e-28;"H13";"M";"OCT";"AE";"verde";"hoja"
"ID021";0,692569324205198;0,726149037073691;0,0561347628341337;9,92950430585108e-06;5,53461007170101e-12;1,5279799682873e-17;3,26102718071105e-24;"H13";"M";"OCT";"T";"verde";"hoja"
"ID022";0,036658041953378;0,278037300453194;1;0,0561347628341337;9,92950430585108e-06;1,27540762952604e-09;1,26641655490942e-14;"H2";"V";"NOV";"sin";"seco";"tallo"
"ID023";0,360447788597821;1;0,278037300453194;0,000335462627902512;1,27540762952604e-09;1,26641655490942e-14;9,72098502030078e-21;"H2";"V";"NOV";"sin";"verde";"tallo"
"ID024";0,960005441285478;0,278037300453194;0,00597602289500594;1,5497531357029e-07;1,26641655490942e-14;9,72098502030078e-21;5,76832996124788e-28;"H2";"V";"NOV";"G";"verde";"flor"
"ID025";1;0,135335283236613;0,00153381067932446;1,52299797447126e-08;4,76530473529909e-16;1,92874984796392e-22;6,03486080597101e-30;"H2";"V";"NOV";"AD";"verde";"hoja"
"ID026";1;0,135335283236613;0,00153381067932446;1,52299797447126e-08;4,76530473529909e-16;1,92874984796392e-22;6,03486080597101e-30;"H2";"V";"NOV";"I";"verde";"hoja"
"ID027";1;0,135335283236613;0,00153381067932446;1,52299797447126e-08;4,76530473529909e-16;1,92874984796392e-22;6,03486080597101e-30;"H2";"V";"NOV";"AQ";"verde";"hoja"
"ID028";0,849365816568312;0,486752255959972;0,0198410947443703;1,34381227763152e-06;2,8679750088881e-13;4,17501005585051e-19;4,69835486089801e-26;"H2";"V";"NOV";"sin";"seco";"hoja"
"ID029";1;0,135335283236613;0,00153381067932446;1,52299797447126e-08;4,76530473529909e-16;1,92874984796392e-22;6,03486080597101e-30;"H5";"V";"NOV";"AQ";"verde";"hoja"
"ID030";0,692569324205198;0,726149037073691;0,0561347628341337;9,92950430585108e-06;5,53461007170101e-12;1,5279799682873e-17;3,26102718071105e-24;"H5";"V";"NOV";"D";"verde";"hoja"
"ID031";0,960005441285478;0,278037300453194;0,00597602289500594;1,5497531357029e-07;1,26641655490942e-14;9,72098502030078e-21;5,76832996124788e-28;"H5";"V";"NOV";"sin";"verde";"hoja"
"ID032";1;0,135335283236613;0,00153381067932446;1,52299797447126e-08;4,76530473529909e-16;1,92874984796392e-22;6,03486080597101e-30;"H5";"V";"NOV";"AF";"seco";"flor"
"ID033";0,849365816568312;0,486752255959972;0,0198410947443703;1,34381227763152e-06;2,8679750088881e-13;4,17501005585051e-19;4,69835486089801e-26;"H5";"V";"NOV";"M";"seco";"fruto"
"ID034";0,000335462627902512;0,00153381067932446;0,135335283236613;0,923116346386636;0,0198410947443703;6,25215037748203e-05;1,52299797447126e-08;"H5";"V";"NOV";"sin";"verde";"tallo"
"ID035";0,960005441285478;0,278037300453194;0,00597602289500594;1,5497531357029e-07;1,26641655490942e-14;9,72098502030078e-21;5,76832996124788e-28;"H5";"V";"NOV";"sin";"seco";"tallo"
"ID036";1;0,135335283236613;0,00153381067932446;1,52299797447126e-08;4,76530473529909e-16;1,92874984796392e-22;6,03486080597101e-30;"H5";"V";"NOV";"E";"verde";"fruto"
"ID037";1;0,135335283236613;0,00153381067932446;1,52299797447126e-08;4,76530473529909e-16;1,92874984796392e-22;6,03486080597101e-30;"H5";"V";"NOV";"E";"verde";"hoja"
"ID038";1;0,135335283236613;0,00153381067932446;1,52299797447126e-08;4,76530473529909e-16;1,92874984796392e-22;6,03486080597101e-30;"H5";"V";"NOV";"E";"verde";"flor"
"ID039";0,960005441285478;0,278037300453194;0,00597602289500594;1,5497531357029e-07;1,26641655490942e-14;9,72098502030078e-21;5,76832996124788e-28;"H6";"V";"NOV";"AG";"verde";"flor"
"ID040";0,960005441285478;0,278037300453194;0,00597602289500594;1,5497531357029e-07;1,26641655490942e-14;9,72098502030078e-21;5,76832996124788e-28;"H6";"V";"NOV";"H";"verde";"fruto"
"ID041";0,849365816568312;0,486752255959972;0,0198410947443703;1,34381227763152e-06;2,8679750088881e-13;4,17501005585051e-19;4,69835486089801e-26;"H6";"V";"NOV";"AQ";"verde";"hoja"
"ID042";1;0,135335283236613;0,00153381067932446;1,52299797447126e-08;4,76530473529909e-16;1,92874984796392e-22;6,03486080597101e-30;"H6";"V";"NOV";"AP";"verde";"flor"
"ID043";0,960005441285478;0,278037300453194;0,00597602289500594;1,5497531357029e-07;1,26641655490942e-14;9,72098502030078e-21;5,76832996124788e-28;"H6";"V";"NOV";"AL";"verde";"hoja"
"ID044";1;0,135335283236613;0,00153381067932446;1,52299797447126e-08;4,76530473529909e-16;1,92874984796392e-22;6,03486080597101e-30;"H6";"V";"NOV";"AF";"verde";"flor"
"ID045";1;0,135335283236613;0,00153381067932446;1,52299797447126e-08;4,76530473529909e-16;1,92874984796392e-22;6,03486080597101e-30;"H6";"V";"NOV";"AO";"verde";"flor"
"ID046";0,960005441285478;0,278037300453194;0,00597602289500594;1,5497531357029e-07;1,26641655490942e-14;9,72098502030078e-21;5,76832996124788e-28;"H6";"V";"NOV";"AP";"seco";"hoja"
"ID047";0,0733696513683829;0,486752255959972;0,923116346386636;0,0198410947443703;1,34381227763152e-06;9,10147076448794e-11;4,76530473529909e-16;"H6";"V";"NOV";"sin";"verde";"tallo"
"ID048";1;0,135335283236613;0,00153381067932446;1,52299797447126e-08;4,76530473529909e-16;1,92874984796392e-22;6,03486080597101e-30;"H6";"V";"NOV";"sin";"verde";"hoja"
"ID049";0,960005441285478;0,278037300453194;0,00597602289500594;1,5497531357029e-07;1,26641655490942e-14;9,72098502030078e-21;5,76832996124788e-28;"H7";"V";"NOV";"AO";"verde";"flor"
"ID050";0,960005441285478;0,278037300453194;0,00597602289500594;1,5497531357029e-07;1,26641655490942e-14;9,72098502030078e-21;5,76832996124788e-28;"H7";"V";"NOV";"AO";"seco";"hoja"
"ID051";0,960005441285478;0,278037300453194;0,00597602289500594;1,5497531357029e-07;1,26641655490942e-14;9,72098502030078e-21;5,76832996124788e-28;"H8";"V";"NOV";"AP";"seco";"hoja"
"ID052";1;0,135335283236613;0,00153381067932446;1,52299797447126e-08;4,76530473529909e-16;1,92874984796392e-22;6,03486080597101e-30;"H8";"V";"NOV";"AP";"seco";"tallo"
"ID053";1;0,135335283236613;0,00153381067932446;1,52299797447126e-08;4,76530473529909e-16;1,92874984796392e-22;6,03486080597101e-30;"H8";"V";"NOV";"sin";"seco";"tallo"
"ID054";1;0,135335283236613;0,00153381067932446;1,52299797447126e-08;4,76530473529909e-16;1,92874984796392e-22;6,03486080597101e-30;"H8";"V";"NOV";"AQ";"seco";"hoja"
"ID055";0,360447788597821;1;0,278037300453194;0,000335462627902512;1,27540762952604e-09;1,26641655490942e-14;9,72098502030078e-21;"H9";"M";"NOV";"AQ";"verde";"hoja"
"ID056";0,849365816568312;0,486752255959972;0,0198410947443703;1,34381227763152e-06;2,8679750088881e-13;4,17501005585051e-19;4,69835486089801e-26;"H9";"M";"NOV";"sin";"seco";"tallo"
"ID057";1;0,135335283236613;0,00153381067932446;1,52299797447126e-08;4,76530473529909e-16;1,92874984796392e-22;6,03486080597101e-30;"H9";"M";"NOV";"AM";"verde";"tallo"
"ID058";1;0,135335283236613;0,00153381067932446;1,52299797447126e-08;4,76530473529909e-16;1,92874984796392e-22;6,03486080597101e-30;"H9";"M";"NOV";"sin";"verde";"tallo"
"ID059";1;0,135335283236613;0,00153381067932446;1,52299797447126e-08;4,76530473529909e-16;1,92874984796392e-22;6,03486080597101e-30;"H9";"M";"NOV";"T";"verde";"hoja"
"ID060";1;0,135335283236613;0,00153381067932446;1,52299797447126e-08;4,76530473529909e-16;1,92874984796392e-22;6,03486080597101e-30;"H9";"M";"NOV";"AQ";"seco";"hoja"
"ID061";0,036658041953378;0,278037300453194;1;0,0561347628341337;9,92950430585108e-06;1,27540762952604e-09;1,26641655490942e-14;"H9";"M";"NOV";"AQ";"verde";"hoja"
"ID062";0,135335283236613;0,726149037073691;0,726149037073691;0,00597602289500594;1,5497531357029e-07;5,53461007170101e-12;1,5279799682873e-17;"H9";"M";"NOV";"AQ";"seco";"hoja"
"ID063";0,230066298993809;0,923116346386636;0,486752255959972;0,00153381067932446;1,52299797447126e-08;2,8679750088881e-13;4,17501005585051e-19;"H4";"M";"NOV";"sin";"seco";"tallo"
"ID064";1;0,135335283236613;0,00153381067932446;1,52299797447126e-08;4,76530473529909e-16;1,92874984796392e-22;6,03486080597101e-30;"H4";"M";"NOV";"sin";"verde";"tallo"
"ID065";0,135335283236613;0,726149037073691;0,726149037073691;0,00597602289500594;1,5497531357029e-07;5,53461007170101e-12;1,5279799682873e-17;"H4";"M";"NOV";"AQ";"verde";"hoja"
"ID066";1;0,135335283236613;0,00153381067932446;1,52299797447126e-08;4,76530473529909e-16;1,92874984796392e-22;6,03486080597101e-30;"H4";"M";"NOV";"C";"seco";"fruto"
"ID067";1;0,135335283236613;0,00153381067932446;1,52299797447126e-08;4,76530473529909e-16;1,92874984796392e-22;6,03486080597101e-30;"H4";"M";"NOV";"T";"verde";"hoja"
"ID068";0,036658041953378;0,278037300453194;1;0,0561347628341337;9,92950430585108e-06;1,27540762952604e-09;1,26641655490942e-14;"H4";"M";"NOV";"AQ";"seco";"hoja"
"ID069";0,960005441285478;0,278037300453194;0,00597602289500594;1,5497531357029e-07;1,26641655490942e-14;9,72098502030078e-21;5,76832996124788e-28;"H1";"V";"DIC";"sin";"seco";"tallo"
"ID070";1;0,135335283236613;0,00153381067932446;1,52299797447126e-08;4,76530473529909e-16;1,92874984796392e-22;6,03486080597101e-30;"H1";"V";"DIC";"sin";"verde";"tallo"
"ID071";0,960005441285478;0,278037300453194;0,00597602289500594;1,5497531357029e-07;1,26641655490942e-14;9,72098502030078e-21;5,76832996124788e-28;"H1";"V";"DIC";"K";"seco";"flor"
"ID072";1;0,135335283236613;0,00153381067932446;1,52299797447126e-08;4,76530473529909e-16;1,92874984796392e-22;6,03486080597101e-30;"H1";"V";"DIC";"K";"verde";"tallo"
"ID073";0,849365816568312;0,486752255959972;0,0198410947443703;1,34381227763152e-06;2,8679750088881e-13;4,17501005585051e-19;4,69835486089801e-26;"H2";"V";"DIC";"AQ";"verde";"hoja"
"ID074";0,692569324205198;0,726149037073691;0,0561347628341337;9,92950430585108e-06;5,53461007170101e-12;1,5279799682873e-17;3,26102718071105e-24;"H2";"V";"DIC";"sin";"verde";"tallo"
"ID075";1;0,135335283236613;0,00153381067932446;1,52299797447126e-08;4,76530473529909e-16;1,92874984796392e-22;6,03486080597101e-30;"H2";"V";"DIC";"Y";"seco";"hoja"
"ID076";1;0,135335283236613;0,00153381067932446;1,52299797447126e-08;4,76530473529909e-16;1,92874984796392e-22;6,03486080597101e-30;"H2";"V";"DIC";"I";"seco";"hoja"
"ID077";1;0,135335283236613;0,00153381067932446;1,52299797447126e-08;4,76530473529909e-16;1,92874984796392e-22;6,03486080597101e-30;"H2";"V";"DIC";"I";"verde";"flor"
"ID078";1;0,135335283236613;0,00153381067932446;1,52299797447126e-08;4,76530473529909e-16;1,92874984796392e-22;6,03486080597101e-30;"H4";"V";"DIC";"Y";"seco";"hoja"
"ID079";1;0,135335283236613;0,00153381067932446;1,52299797447126e-08;4,76530473529909e-16;1,92874984796392e-22;6,03486080597101e-30;"H4";"V";"DIC";"AB";"verde";"hoja"
"ID080";1;0,135335283236613;0,00153381067932446;1,52299797447126e-08;4,76530473529909e-16;1,92874984796392e-22;6,03486080597101e-30;"H4";"V";"DIC";"sin";"verde";"tallo"
"ID081";0,960005441285478;0,278037300453194;0,00597602289500594;1,5497531357029e-07;1,26641655490942e-14;9,72098502030078e-21;5,76832996124788e-28;"H4";"V";"DIC";"sin";"seco";"tallo"
"ID082";1;0,135335283236613;0,00153381067932446;1,52299797447126e-08;4,76530473529909e-16;1,92874984796392e-22;6,03486080597101e-30;"H4";"V";"DIC";"U";"verde";"hoja"
"ID083";0,692569324205198;0,726149037073691;0,0561347628341337;9,92950430585108e-06;5,53461007170101e-12;1,5279799682873e-17;3,26102718071105e-24;"H4";"V";"DIC";"AH";"verde";"flor"
"ID084";1;0,135335283236613;0,00153381067932446;1,52299797447126e-08;4,76530473529909e-16;1,92874984796392e-22;6,03486080597101e-30;"H5";"V";"DIC";"AQ";"seco";"zarcillo"
"ID085";0,360447788597821;1;0,278037300453194;0,000335462627902512;1,27540762952604e-09;1,26641655490942e-14;9,72098502030078e-21;"H5";"V";"DIC";"AQ";"verde";"hoja"
"ID086";0,960005441285478;0,278037300453194;0,00597602289500594;1,5497531357029e-07;1,26641655490942e-14;9,72098502030078e-21;5,76832996124788e-28;"H5";"V";"DIC";"sin";"seco";"tallo"
"ID087";1;0,135335283236613;0,00153381067932446;1,52299797447126e-08;4,76530473529909e-16;1,92874984796392e-22;6,03486080597101e-30;"H5";"V";"DIC";"sin";"verde";"flor"
"ID088";0,960005441285478;0,278037300453194;0,00597602289500594;1,5497531357029e-07;1,26641655490942e-14;9,72098502030078e-21;5,76832996124788e-28;"H5";"V";"DIC";"sin";"seco";"tallo"
"ID089";0,692569324205198;0,726149037073691;0,0561347628341337;9,92950430585108e-06;5,53461007170101e-12;1,5279799682873e-17;3,26102718071105e-24;"H5";"V";"DIC";"sin";"verde";"hoja"
"ID090";1;0,135335283236613;0,00153381067932446;1,52299797447126e-08;4,76530473529909e-16;1,92874984796392e-22;6,03486080597101e-30;"H5";"V";"DIC";"sin";"verde";"tallo"
"ID091";1;0,135335283236613;0,00153381067932446;1,52299797447126e-08;4,76530473529909e-16;1,92874984796392e-22;6,03486080597101e-30;"H6";"V";"DIC";"sin";"verde";"tallo"
"ID092";1;0,135335283236613;0,00153381067932446;1,52299797447126e-08;4,76530473529909e-16;1,92874984796392e-22;6,03486080597101e-30;"H6";"V";"DIC";"sin";"seco";"tallo"
"ID093";1;0,135335283236613;0,00153381067932446;1,52299797447126e-08;4,76530473529909e-16;1,92874984796392e-22;6,03486080597101e-30;"H6";"V";"DIC";"sin";"seco";"flor"
"ID094";1;0,135335283236613;0,00153381067932446;1,52299797447126e-08;4,76530473529909e-16;1,92874984796392e-22;6,03486080597101e-30;"H6";"V";"DIC";"V";"verde";"hoja"
"ID095";0,960005441285478;0,278037300453194;0,00597602289500594;1,5497531357029e-07;1,26641655490942e-14;9,72098502030078e-21;5,76832996124788e-28;"H6";"V";"DIC";"AQ";"verde";"hoja"
"ID096";1;0,135335283236613;0,00153381067932446;1,52299797447126e-08;4,76530473529909e-16;1,92874984796392e-22;6,03486080597101e-30;"H6";"V";"DIC";"AI";"verde";"flor"
"ID097";1;0,135335283236613;0,00153381067932446;1,52299797447126e-08;4,76530473529909e-16;1,92874984796392e-22;6,03486080597101e-30;"H6";"V";"DIC";"AI";"verde";"hoja"
"ID098";0,849365816568312;0,486752255959972;0,0198410947443703;1,34381227763152e-06;2,8679750088881e-13;4,17501005585051e-19;4,69835486089801e-26;"H6";"V";"DIC";"Y";"seco";"hoja"
"ID099";1;0,135335283236613;0,00153381067932446;1,52299797447126e-08;4,76530473529909e-16;1,92874984796392e-22;6,03486080597101e-30;"H6";"V";"DIC";"Y";"verde";"flor"
"ID100";0,360447788597821;1;0,278037300453194;0,000335462627902512;1,27540762952604e-09;1,26641655490942e-14;9,72098502030078e-21;"H6";"V";"DIC";"M";"seco";"fruto"
"ID101";1;0,135335283236613;0,00153381067932446;1,52299797447126e-08;4,76530473529909e-16;1,92874984796392e-22;6,03486080597101e-30;"H6";"V";"DIC";"AH";"seco";"flor"
"ID102";0,849365816568312;0,486752255959972;0,0198410947443703;1,34381227763152e-06;2,8679750088881e-13;4,17501005585051e-19;4,69835486089801e-26;"H7";"V";"DIC";"Y";"verde";"hoja"
"ID103";0,849365816568312;0,486752255959972;0,0198410947443703;1,34381227763152e-06;2,8679750088881e-13;4,17501005585051e-19;4,69835486089801e-26;"H7";"V";"DIC";"Y";"verde";"fruto"
"ID104";1;0,135335283236613;0,00153381067932446;1,52299797447126e-08;4,76530473529909e-16;1,92874984796392e-22;6,03486080597101e-30;"H7";"V";"DIC";"Y";"verde";"tallo"
"ID105";1;0,135335283236613;0,00153381067932446;1,52299797447126e-08;4,76530473529909e-16;1,92874984796392e-22;6,03486080597101e-30;"H7";"V";"DIC";"Y";"seco";"hoja"
"ID106";1;0,135335283236613;0,00153381067932446;1,52299797447126e-08;4,76530473529909e-16;1,92874984796392e-22;6,03486080597101e-30;"H7";"V";"DIC";"AQ";"verde";"hoja"
"ID107";1;0,135335283236613;0,00153381067932446;1,52299797447126e-08;4,76530473529909e-16;1,92874984796392e-22;6,03486080597101e-30;"H7";"V";"DIC";"sin";"verde";"flor"
"ID108";0,230066298993809;0,923116346386636;0,486752255959972;0,00153381067932446;1,52299797447126e-08;2,8679750088881e-13;4,17501005585051e-19;"H7";"V";"DIC";"sin";"verde";"tallo"
"ID109";0,849365816568312;0,486752255959972;0,0198410947443703;1,34381227763152e-06;2,8679750088881e-13;4,17501005585051e-19;4,69835486089801e-26;"H7";"V";"DIC";"AC";"seco";"fruto"
"ID110";0,960005441285478;0,278037300453194;0,00597602289500594;1,5497531357029e-07;1,26641655490942e-14;9,72098502030078e-21;5,76832996124788e-28;"H7";"V";"DIC";"U";"verde";"hoja"
"ID111";0,960005441285478;0,278037300453194;0,00597602289500594;1,5497531357029e-07;1,26641655490942e-14;9,72098502030078e-21;5,76832996124788e-28;"H7";"V";"DIC";"AH";"verde";"flor"
"ID112";1;0,135335283236613;0,00153381067932446;1,52299797447126e-08;4,76530473529909e-16;1,92874984796392e-22;6,03486080597101e-30;"H7";"V";"DIC";"sin";"verde";"hoja"
"ID113";0,692569324205198;0,726149037073691;0,0561347628341337;9,92950430585108e-06;5,53461007170101e-12;1,5279799682873e-17;3,26102718071105e-24;"H7";"V";"DIC";"M";"seco";"fruto"
"ID114";0,849365816568312;0,486752255959972;0,0198410947443703;1,34381227763152e-06;2,8679750088881e-13;4,17501005585051e-19;4,69835486089801e-26;"H8";"V";"DIC";"sin";"seco";"tallo"
"ID115";1;0,135335283236613;0,00153381067932446;1,52299797447126e-08;4,76530473529909e-16;1,92874984796392e-22;6,03486080597101e-30;"H8";"V";"DIC";"AO";"seco";"hoja"
"ID116";0,960005441285478;0,278037300453194;0,00597602289500594;1,5497531357029e-07;1,26641655490942e-14;9,72098502030078e-21;5,76832996124788e-28;"H8";"V";"DIC";"G";"verde";"hoja"
"ID117";0,849365816568312;0,486752255959972;0,0198410947443703;1,34381227763152e-06;2,8679750088881e-13;4,17501005585051e-19;4,69835486089801e-26;"H9";"V";"DIC";"sin";"seco";"tallo"
"ID118";1;0,135335283236613;0,00153381067932446;1,52299797447126e-08;4,76530473529909e-16;1,92874984796392e-22;6,03486080597101e-30;"H9";"V";"DIC";"sin";"verde";"hoja"
"ID119";0,036658041953378;0,278037300453194;1;0,0561347628341337;9,92950430585108e-06;1,27540762952604e-09;1,26641655490942e-14;"H9";"V";"DIC";"M";"seco";"fruto"
"ID120";0,135335283236613;0,726149037073691;0,726149037073691;0,00597602289500594;1,5497531357029e-07;5,53461007170101e-12;1,5279799682873e-17;"H9";"V";"DIC";"AQ";"verde";"hoja"
"ID121";0,849365816568312;0,486752255959972;0,0198410947443703;1,34381227763152e-06;2,8679750088881e-13;4,17501005585051e-19;4,69835486089801e-26;"H1";"V";"DIC";"sin";"seco";"tallo"
"ID122";1;0,135335283236613;0,00153381067932446;1,52299797447126e-08;4,76530473529909e-16;1,92874984796392e-22;6,03486080597101e-30;"H1";"V";"DIC";"sin";"verde";"flor"
"ID123";0,960005441285478;0,278037300453194;0,00597602289500594;1,5497531357029e-07;1,26641655490942e-14;9,72098502030078e-21;5,76832996124788e-28;"H1";"V";"DIC";"AD";"verde";"hoja"
"ID124";1;0,135335283236613;0,00153381067932446;1,52299797447126e-08;4,76530473529909e-16;1,92874984796392e-22;6,03486080597101e-30;"H1";"V";"DIC";"H";"seco";"fruto"
"ID125";1;0,135335283236613;0,00153381067932446;1,52299797447126e-08;4,76530473529909e-16;1,92874984796392e-22;6,03486080597101e-30;"H1";"V";"DIC";"M";"seco";"fruto"
"ID126";0,960005441285478;0,278037300453194;0,00597602289500594;1,5497531357029e-07;1,26641655490942e-14;9,72098502030078e-21;5,76832996124788e-28;"H1";"V";"DIC";"AI";"verde";"hoja"
"ID127";1;0,135335283236613;0,00153381067932446;1,52299797447126e-08;4,76530473529909e-16;1,92874984796392e-22;6,03486080597101e-30;"H1";"V";"DIC";"AI";"verde";"flor"
"ID128";0,960005441285478;0,278037300453194;0,00597602289500594;1,5497531357029e-07;1,26641655490942e-14;9,72098502030078e-21;5,76832996124788e-28;"H1";"V";"DIC";"I";"verde";"hoja"
"ID129";0,000102702564619655;0,000335462627902512;0,0561347628341337;1;0,0561347628341337;0,000335462627902512;1,5497531357029e-07;"H2";"V";"DIC";"AQ";"verde";"hoja"
"ID130";1;0,135335283236613;0,00153381067932446;1,52299797447126e-08;4,76530473529909e-16;1,92874984796392e-22;6,03486080597101e-30;"H2";"V";"DIC";"sin";"seco";"tallo"
"ID131";1;0,135335283236613;0,00153381067932446;1,52299797447126e-08;4,76530473529909e-16;1,92874984796392e-22;6,03486080597101e-30;"H3";"V";"DIC";"sin";"seco";"tallo"
"ID132";1;0,135335283236613;0,00153381067932446;1,52299797447126e-08;4,76530473529909e-16;1,92874984796392e-22;6,03486080597101e-30;"H3";"V";"DIC";"sin";"verde";"flor"
"ID133";0,960005441285478;0,278037300453194;0,00597602289500594;1,5497531357029e-07;1,26641655490942e-14;9,72098502030078e-21;5,76832996124788e-28;"H4";"V";"DIC";"sin";"seco";"tallo"
"ID134";1;0,135335283236613;0,00153381067932446;1,52299797447126e-08;4,76530473529909e-16;1,92874984796392e-22;6,03486080597101e-30;"H4";"V";"DIC";"AQ";"verde";"hoja"
"ID135";0,960005441285478;0,278037300453194;0,00597602289500594;1,5497531357029e-07;1,26641655490942e-14;9,72098502030078e-21;5,76832996124788e-28;"H4";"V";"DIC";"AO";"seco";"hoja"
"ID136";1;0,135335283236613;0,00153381067932446;1,52299797447126e-08;4,76530473529909e-16;1,92874984796392e-22;6,03486080597101e-30;"H4";"V";"DIC";"Y";"verde";"hoja"
"ID137";1;0,135335283236613;0,00153381067932446;1,52299797447126e-08;4,76530473529909e-16;1,92874984796392e-22;6,03486080597101e-30;"H4";"V";"DIC";"AI";"verde";"hoja"
"ID138";1;0,135335283236613;0,00153381067932446;1,52299797447126e-08;4,76530473529909e-16;1,92874984796392e-22;6,03486080597101e-30;"H4";"V";"DIC";"AA";"verde";"flor"
"ID139";0,960005441285478;0,278037300453194;0,00597602289500594;1,5497531357029e-07;1,26641655490942e-14;9,72098502030078e-21;5,76832996124788e-28;"H4";"V";"DIC";"AD";"seco";"hoja"
"ID140";0,960005441285478;0,278037300453194;0,00597602289500594;1,5497531357029e-07;1,26641655490942e-14;9,72098502030078e-21;5,76832996124788e-28;"H4";"V";"DIC";"Y";"seco";"flor"
"ID141";1;0,135335283236613;0,00153381067932446;1,52299797447126e-08;4,76530473529909e-16;1,92874984796392e-22;6,03486080597101e-30;"H4";"V";"DIC";"C";"seco";"fruto"
"ID142";0,692569324205198;0,726149037073691;0,0561347628341337;9,92950430585108e-06;5,53461007170101e-12;1,5279799682873e-17;3,26102718071105e-24;"H5";"V";"DIC";"AQ";"verde";"hoja"
"ID143";0,135335283236613;0,726149037073691;0,726149037073691;0,00597602289500594;1,5497531357029e-07;5,53461007170101e-12;1,5279799682873e-17;"H5";"V";"DIC";"sin";"verde";"hoja"
"ID144";1;0,135335283236613;0,00153381067932446;1,52299797447126e-08;4,76530473529909e-16;1,92874984796392e-22;6,03486080597101e-30;"H6";"V";"DIC";"sin";"seco";"tallo"
"ID145";1;0,135335283236613;0,00153381067932446;1,52299797447126e-08;4,76530473529909e-16;1,92874984796392e-22;6,03486080597101e-30;"H6";"V";"DIC";"sin";"verde";"tallo"
"ID146";1;0,135335283236613;0,00153381067932446;1,52299797447126e-08;4,76530473529909e-16;1,92874984796392e-22;6,03486080597101e-30;"H6";"V";"DIC";"sin";"verde";"flor"
"ID147";1;0,135335283236613;0,00153381067932446;1,52299797447126e-08;4,76530473529909e-16;1,92874984796392e-22;6,03486080597101e-30;"H6";"V";"DIC";"Y";"verde";"flor"
"ID148";0,960005441285478;0,278037300453194;0,00597602289500594;1,5497531357029e-07;1,26641655490942e-14;9,72098502030078e-21;5,76832996124788e-28;"H7";"V";"DIC";"sin";"seco";"tallo"
"ID149";0,960005441285478;0,278037300453194;0,00597602289500594;1,5497531357029e-07;1,26641655490942e-14;9,72098502030078e-21;5,76832996124788e-28;"H7";"V";"DIC";"sin";"verde";"tallo"
"ID150";1;0,135335283236613;0,00153381067932446;1,52299797447126e-08;4,76530473529909e-16;1,92874984796392e-22;6,03486080597101e-30;"H7";"V";"DIC";"Y";"verde";"hoja"
"ID151";1;0,135335283236613;0,00153381067932446;1,52299797447126e-08;4,76530473529909e-16;1,92874984796392e-22;6,03486080597101e-30;"H7";"V";"DIC";"P";"verde";"flor"
"ID152";0,230066298993809;0,923116346386636;0,486752255959972;0,00153381067932446;1,52299797447126e-08;2,8679750088881e-13;4,17501005585051e-19;"H8";"V";"DIC";"sin";"seco";"tallo"
"ID153";1;0,135335283236613;0,00153381067932446;1,52299797447126e-08;4,76530473529909e-16;1,92874984796392e-22;6,03486080597101e-30;"H8";"V";"DIC";"sin";"verde";"hoja"
"ID154";1;0,135335283236613;0,00153381067932446;1,52299797447126e-08;4,76530473529909e-16;1,92874984796392e-22;6,03486080597101e-30;"H8";"V";"DIC";"AQ";"verde";"tallo"
"ID155";0,000102702564619655;0,000335462627902512;0,0561347628341337;1;0,0561347628341337;0,000335462627902512;1,5497531357029e-07;"H8";"V";"DIC";"AQ";"verde";"hoja"
"ID156";1;0,135335283236613;0,00153381067932446;1,52299797447126e-08;4,76530473529909e-16;1,92874984796392e-22;6,03486080597101e-30;"H9";"V";"DIC";"AD";"verde";"hoja"
"ID157";1;0,135335283236613;0,00153381067932446;1,52299797447126e-08;4,76530473529909e-16;1,92874984796392e-22;6,03486080597101e-30;"H9";"V";"DIC";"sin";"seco";"tallo"
"ID158";0,692569324205198;0,726149037073691;0,0561347628341337;9,92950430585108e-06;5,53461007170101e-12;1,5279799682873e-17;3,26102718071105e-24;"H12";"M";"DIC";"sin";"seco";"tallo"
"ID159";0,960005441285478;0,278037300453194;0,00597602289500594;1,5497531357029e-07;1,26641655490942e-14;9,72098502030078e-21;5,76832996124788e-28;"H12";"M";"DIC";"T";"seco";"hoja"
"ID160";1;0,135335283236613;0,00153381067932446;1,52299797447126e-08;4,76530473529909e-16;1,92874984796392e-22;6,03486080597101e-30;"H12";"M";"DIC";"sin";"verde";"flor"
"ID161";1;0,135335283236613;0,00153381067932446;1,52299797447126e-08;4,76530473529909e-16;1,92874984796392e-22;6,03486080597101e-30;"H12";"M";"DIC";"W";"verde";"flor"
"ID162";1;0,135335283236613;0,00153381067932446;1,52299797447126e-08;4,76530473529909e-16;1,92874984796392e-22;6,03486080597101e-30;"H12";"M";"DIC";"W";"verde";"hoja"
"ID163";0,230066298993809;0,923116346386636;0,486752255959972;0,00153381067932446;1,52299797447126e-08;2,8679750088881e-13;4,17501005585051e-19;"H11";"M";"DIC";"sin";"seco";"tallo"
"ID164";0,849365816568312;0,486752255959972;0,0198410947443703;1,34381227763152e-06;2,8679750088881e-13;4,17501005585051e-19;4,69835486089801e-26;"H11";"M";"DIC";"sin";"verde";"tallo"
"ID165";0,520450121020702;0,923116346386636;0,135335283236613;6,25215037748203e-05;9,10147076448794e-11;4,76530473529909e-16;1,92874984796392e-22;"H11";"M";"DIC";"AD";"verde";"hoja"
"ID166";0,960005441285478;0,278037300453194;0,00597602289500594;1,5497531357029e-07;1,26641655490942e-14;9,72098502030078e-21;5,76832996124788e-28;"H11";"M";"DIC";"AQ";"verde";"hoja"
"ID167";0,960005441285478;0,278037300453194;0,00597602289500594;1,5497531357029e-07;1,26641655490942e-14;9,72098502030078e-21;5,76832996124788e-28;"H11";"M";"DIC";"AQ";"seco";"hoja"
"ID168";1;0,135335283236613;0,00153381067932446;1,52299797447126e-08;4,76530473529909e-16;1,92874984796392e-22;6,03486080597101e-30;"H11";"M";"DIC";"N";"verde";"flor"
"ID169";1;0,135335283236613;0,00153381067932446;1,52299797447126e-08;4,76530473529909e-16;1,92874984796392e-22;6,03486080597101e-30;"H11";"M";"DIC";"sin";"seco";"fruto"
"ID170";1;0,135335283236613;0,00153381067932446;1,52299797447126e-08;4,76530473529909e-16;1,92874984796392e-22;6,03486080597101e-30;"H11";"M";"DIC";"AH";"verde";"flor"
"ID171";1;0,135335283236613;0,00153381067932446;1,52299797447126e-08;4,76530473529909e-16;1,92874984796392e-22;6,03486080597101e-30;"H11";"M";"DIC";"sin";"seco";"hoja"
"ID172";0,849365816568312;0,486752255959972;0,0198410947443703;1,34381227763152e-06;2,8679750088881e-13;4,17501005585051e-19;4,69835486089801e-26;"H11";"M";"DIC";"sin";"verde";"flor"
"ID173";1;0,135335283236613;0,00153381067932446;1,52299797447126e-08;4,76530473529909e-16;1,92874984796392e-22;6,03486080597101e-30;"H11";"M";"DIC";"J";"verde";"hoja"
"ID174";1;0,135335283236613;0,00153381067932446;1,52299797447126e-08;4,76530473529909e-16;1,92874984796392e-22;6,03486080597101e-30;"H1";"V";"ENE";"sin";"verde";"tallo"
"ID175";1;0,135335283236613;0,00153381067932446;1,52299797447126e-08;4,76530473529909e-16;1,92874984796392e-22;6,03486080597101e-30;"H1";"V";"ENE";"AD";"verde";"tallo"
"ID176";1;0,135335283236613;0,00153381067932446;1,52299797447126e-08;4,76530473529909e-16;1,92874984796392e-22;6,03486080597101e-30;"H1";"V";"ENE";"sin";"verde";"tallo"
"ID177";0,960005441285478;0,278037300453194;0,00597602289500594;1,5497531357029e-07;1,26641655490942e-14;9,72098502030078e-21;5,76832996124788e-28;"H1";"V";"ENE";"AQ";"seco";"hoja"
"ID178";1,52299797447126e-08;1,27540762952604e-09;9,92950430585108e-06;0,0561347628341337;1;0,278037300453194;0,00597602289500594;"H1";"V";"ENE";"AQ";"verde";"hoja"
"ID179";0,960005441285478;0,278037300453194;0,00597602289500594;1,5497531357029e-07;1,26641655490942e-14;9,72098502030078e-21;5,76832996124788e-28;"H1";"V";"ENE";"AK";"verde";"flor"
"ID180";0,960005441285478;0,278037300453194;0,00597602289500594;1,5497531357029e-07;1,26641655490942e-14;9,72098502030078e-21;5,76832996124788e-28;"H2";"V";"ENE";"AD";"verde";"hoja"
"ID181";1;0,135335283236613;0,00153381067932446;1,52299797447126e-08;4,76530473529909e-16;1,92874984796392e-22;6,03486080597101e-30;"H2";"V";"ENE";"AO";"seco";"hoja"
"ID182";1;0,135335283236613;0,00153381067932446;1,52299797447126e-08;4,76530473529909e-16;1,92874984796392e-22;6,03486080597101e-30;"H2";"V";"ENE";"sin";"seco";"tallo"
"ID183";1;0,135335283236613;0,00153381067932446;1,52299797447126e-08;4,76530473529909e-16;1,92874984796392e-22;6,03486080597101e-30;"H2";"V";"ENE";"C";"verde";"fruto"
"ID184";1;0,135335283236613;0,00153381067932446;1,52299797447126e-08;4,76530473529909e-16;1,92874984796392e-22;6,03486080597101e-30;"H2";"V";"ENE";"AK";"verde";"flor"
"ID185";8,11853834914405e-08;1,52299797447126e-08;6,25215037748203e-05;0,135335283236613;0,923116346386636;0,135335283236613;0,00153381067932446;"H2";"V";"ENE";"AQ";"verde";"hoja"
"ID186";0,360447788597821;1;0,278037300453194;0,000335462627902512;1,27540762952604e-09;1,26641655490942e-14;9,72098502030078e-21;"H3";"V";"ENE";"AQ";"verde";"hoja"
"ID187";1;0,135335283236613;0,00153381067932446;1,52299797447126e-08;4,76530473529909e-16;1,92874984796392e-22;6,03486080597101e-30;"H3";"V";"ENE";"sin";"verde";"flor"
"ID188";1;0,135335283236613;0,00153381067932446;1,52299797447126e-08;4,76530473529909e-16;1,92874984796392e-22;6,03486080597101e-30;"H3";"V";"ENE";"AL";"verde";"fruto"
"ID189";1;0,135335283236613;0,00153381067932446;1,52299797447126e-08;4,76530473529909e-16;1,92874984796392e-22;6,03486080597101e-30;"H3";"V";"ENE";"sin";"seco";"tallo"
"ID190";1;0,135335283236613;0,00153381067932446;1,52299797447126e-08;4,76530473529909e-16;1,92874984796392e-22;6,03486080597101e-30;"H3";"V";"ENE";"M";"verde";"fruto"
"ID191";1;0,135335283236613;0,00153381067932446;1,52299797447126e-08;4,76530473529909e-16;1,92874984796392e-22;6,03486080597101e-30;"H3";"V";"ENE";"M";"seco";"fruto"
"ID192";1;0,135335283236613;0,00153381067932446;1,52299797447126e-08;4,76530473529909e-16;1,92874984796392e-22;6,03486080597101e-30;"H4";"V";"ENE";"sin";"seco";"tallo"
"ID193";0,360447788597821;1;0,278037300453194;0,000335462627902512;1,27540762952604e-09;1,26641655490942e-14;9,72098502030078e-21;"H4";"V";"ENE";"T";"seco";"hoja"
"ID194";0,360447788597821;1;0,278037300453194;0,000335462627902512;1,27540762952604e-09;1,26641655490942e-14;9,72098502030078e-21;"H4";"V";"ENE";"AQ";"verde";"hoja"
"ID195";1;0,135335283236613;0,00153381067932446;1,52299797447126e-08;4,76530473529909e-16;1,92874984796392e-22;6,03486080597101e-30;"H4";"V";"ENE";"AQ";"seco";"hoja"
"ID196";1;0,135335283236613;0,00153381067932446;1,52299797447126e-08;4,76530473529909e-16;1,92874984796392e-22;6,03486080597101e-30;"H5";"V";"ENE";"sin";"verde";"tallo"
"ID197";0,360447788597821;1;0,278037300453194;0,000335462627902512;1,27540762952604e-09;1,26641655490942e-14;9,72098502030078e-21;"H5";"V";"ENE";"sin";"seco";"tallo"
"ID198";0,849365816568312;0,486752255959972;0,0198410947443703;1,34381227763152e-06;2,8679750088881e-13;4,17501005585051e-19;4,69835486089801e-26;"H5";"V";"ENE";"P";"verde";"hoja"
"ID199";1;0,135335283236613;0,00153381067932446;1,52299797447126e-08;4,76530473529909e-16;1,92874984796392e-22;6,03486080597101e-30;"H5";"V";"ENE";"AD";"verde";"hoja"
"ID200";1;0,135335283236613;0,00153381067932446;1,52299797447126e-08;4,76530473529909e-16;1,92874984796392e-22;6,03486080597101e-30;"H5";"V";"ENE";"AQ";"seco";"fruto"
"ID201";0,135335283236613;0,726149037073691;0,726149037073691;0,00597602289500594;1,5497531357029e-07;5,53461007170101e-12;1,5279799682873e-17;"H5";"V";"ENE";"AQ";"verde";"hoja"
"ID202";1;0,135335283236613;0,00153381067932446;1,52299797447126e-08;4,76530473529909e-16;1,92874984796392e-22;6,03486080597101e-30;"H5";"V";"ENE";"AA";"seco";"hoja"
"ID203";0,960005441285478;0,278037300453194;0,00597602289500594;1,5497531357029e-07;1,26641655490942e-14;9,72098502030078e-21;5,76832996124788e-28;"H5";"V";"ENE";"I";"verde";"hoja"
"ID204";0,849365816568312;0,486752255959972;0,0198410947443703;1,34381227763152e-06;2,8679750088881e-13;4,17501005585051e-19;4,69835486089801e-26;"H5";"V";"ENE";"L";"verde";"hoja"
"ID205";1;0,135335283236613;0,00153381067932446;1,52299797447126e-08;4,76530473529909e-16;1,92874984796392e-22;6,03486080597101e-30;"H6";"V";"ENE";"T";"seco";"hoja"
"ID206";0,960005441285478;0,278037300453194;0,00597602289500594;1,5497531357029e-07;1,26641655490942e-14;9,72098502030078e-21;5,76832996124788e-28;"H6";"V";"ENE";"AD";"verde";"hoja"
"ID207";1;0,135335283236613;0,00153381067932446;1,52299797447126e-08;4,76530473529909e-16;1,92874984796392e-22;6,03486080597101e-30;"H6";"V";"ENE";"Y";"verde";"hoja"
"ID208";0,849365816568312;0,486752255959972;0,0198410947443703;1,34381227763152e-06;2,8679750088881e-13;4,17501005585051e-19;4,69835486089801e-26;"H6";"V";"ENE";"AL";"seco";"fruto"
"ID209";0,849365816568312;0,486752255959972;0,0198410947443703;1,34381227763152e-06;2,8679750088881e-13;4,17501005585051e-19;4,69835486089801e-26;"H6";"V";"ENE";"M";"verde";"flor"
"ID210";0,036658041953378;0,278037300453194;1;0,0561347628341337;9,92950430585108e-06;1,27540762952604e-09;1,26641655490942e-14;"H6";"V";"ENE";"AQ";"verde";"hoja"
"ID211";0,960005441285478;0,278037300453194;0,00597602289500594;1,5497531357029e-07;1,26641655490942e-14;9,72098502030078e-21;5,76832996124788e-28;"H6";"V";"ENE";"K";"verde";"hoja"
"ID212";0,849365816568312;0,486752255959972;0,0198410947443703;1,34381227763152e-06;2,8679750088881e-13;4,17501005585051e-19;4,69835486089801e-26;"H6";"V";"ENE";"sin";"verde";"tallo"
"ID213";0,960005441285478;0,278037300453194;0,00597602289500594;1,5497531357029e-07;1,26641655490942e-14;9,72098502030078e-21;5,76832996124788e-28;"H6";"V";"ENE";"sin";"seco";"tallo"
"ID214";0,960005441285478;0,278037300453194;0,00597602289500594;1,5497531357029e-07;1,26641655490942e-14;9,72098502030078e-21;5,76832996124788e-28;"H7";"V";"ENE";"T";"verde";"hoja"
"ID215";0,960005441285478;0,278037300453194;0,00597602289500594;1,5497531357029e-07;1,26641655490942e-14;9,72098502030078e-21;5,76832996124788e-28;"H7";"V";"ENE";"Y";"verde";"hoja"
"ID216";6,16095588289682e-11;2,8679750088881e-13;1,52299797447126e-08;0,00153381067932446;0,486752255959972;0,923116346386636;0,135335283236613;"H7";"V";"ENE";"AQ";"verde";"hoja"
"ID217";1;0,135335283236613;0,00153381067932446;1,52299797447126e-08;4,76530473529909e-16;1,92874984796392e-22;6,03486080597101e-30;"H8";"V";"ENE";"sin";"seco";"tallo"
"ID218";0,960005441285478;0,278037300453194;0,00597602289500594;1,5497531357029e-07;1,26641655490942e-14;9,72098502030078e-21;5,76832996124788e-28;"H9";"V";"ENE";"AD";"verde";"tallo"
"ID219";1;0,135335283236613;0,00153381067932446;1,52299797447126e-08;4,76530473529909e-16;1,92874984796392e-22;6,03486080597101e-30;"H9";"V";"ENE";"AO";"seco";"hoja"
"ID220";0,960005441285478;0,278037300453194;0,00597602289500594;1,5497531357029e-07;1,26641655490942e-14;9,72098502030078e-21;5,76832996124788e-28;"H9";"V";"ENE";"AA";"verde";"hoja"
"ID221";1;0,135335283236613;0,00153381067932446;1,52299797447126e-08;4,76530473529909e-16;1,92874984796392e-22;6,03486080597101e-30;"H9";"V";"ENE";"AP";"seco";"hoja"
"ID222";0,960005441285478;0,278037300453194;0,00597602289500594;1,5497531357029e-07;1,26641655490942e-14;9,72098502030078e-21;5,76832996124788e-28;"H9";"V";"ENE";"sin";"seco";"tallo"
"ID223";1;0,135335283236613;0,00153381067932446;1,52299797447126e-08;4,76530473529909e-16;1,92874984796392e-22;6,03486080597101e-30;"H9";"V";"ENE";"sin";"verde";"tallo"
"ID224";1;0,135335283236613;0,00153381067932446;1,52299797447126e-08;4,76530473529909e-16;1,92874984796392e-22;6,03486080597101e-30;"H9";"V";"ENE";"K";"verde";"hoja"
"ID225";0,000335462627902512;0,00153381067932446;0,135335283236613;0,923116346386636;0,0198410947443703;6,25215037748203e-05;1,52299797447126e-08;"H9";"V";"ENE";"AQ";"verde";"hoja"
"ID226";1;0,135335283236613;0,00153381067932446;1,52299797447126e-08;4,76530473529909e-16;1,92874984796392e-22;6,03486080597101e-30;"H1";"V";"ENE";"K";"verde";"hoja"
"ID227";0,960005441285478;0,278037300453194;0,00597602289500594;1,5497531357029e-07;1,26641655490942e-14;9,72098502030078e-21;5,76832996124788e-28;"H1";"V";"ENE";"AD";"verde";"hoja"
"ID228";1;0,135335283236613;0,00153381067932446;1,52299797447126e-08;4,76530473529909e-16;1,92874984796392e-22;6,03486080597101e-30;"H1";"V";"ENE";"Y";"verde";"hoja"
"ID229";1;0,135335283236613;0,00153381067932446;1,52299797447126e-08;4,76530473529909e-16;1,92874984796392e-22;6,03486080597101e-30;"H1";"V";"ENE";"AO";"verde";"hoja"
"ID230";0,849365816568312;0,486752255959972;0,0198410947443703;1,34381227763152e-06;2,8679750088881e-13;4,17501005585051e-19;4,69835486089801e-26;"H1";"V";"ENE";"sin";"seco";"tallo"
"ID231";0,960005441285478;0,278037300453194;0,00597602289500594;1,5497531357029e-07;1,26641655490942e-14;9,72098502030078e-21;5,76832996124788e-28;"H1";"V";"ENE";"T";"verde";"hoja"
"ID232";1;0,135335283236613;0,00153381067932446;1,52299797447126e-08;4,76530473529909e-16;1,92874984796392e-22;6,03486080597101e-30;"H1";"V";"ENE";"Y";"verde";"flor"
"ID233";0,960005441285478;0,278037300453194;0,00597602289500594;1,5497531357029e-07;1,26641655490942e-14;9,72098502030078e-21;5,76832996124788e-28;"H1";"V";"ENE";"I";"verde";"hoja"
"ID234";0,00100984423411268;0,00597602289500594;0,278037300453194;0,726149037073691;0,00597602289500594;9,92950430585108e-06;1,27540762952604e-09;"H1";"V";"ENE";"AQ";"verde";"hoja"
"ID235";1;0,135335283236613;0,00153381067932446;1,52299797447126e-08;4,76530473529909e-16;1,92874984796392e-22;6,03486080597101e-30;"H2";"V";"ENE";"T";"verde";"hoja"
"ID236";0,960005441285478;0,278037300453194;0,00597602289500594;1,5497531357029e-07;1,26641655490942e-14;9,72098502030078e-21;5,76832996124788e-28;"H2";"V";"ENE";"AD";"verde";"hoja"
"ID237";1;0,135335283236613;0,00153381067932446;1,52299797447126e-08;4,76530473529909e-16;1,92874984796392e-22;6,03486080597101e-30;"H2";"V";"ENE";"sin";"seco";"tallo"
"ID238";1;0,135335283236613;0,00153381067932446;1,52299797447126e-08;4,76530473529909e-16;1,92874984796392e-22;6,03486080597101e-30;"H2";"V";"ENE";"I";"verde";"hoja"
"ID239";0,960005441285478;0,278037300453194;0,00597602289500594;1,5497531357029e-07;1,26641655490942e-14;9,72098502030078e-21;5,76832996124788e-28;"H2";"V";"ENE";"Y";"verde";"hoja"
"ID240";1;0,135335283236613;0,00153381067932446;1,52299797447126e-08;4,76530473529909e-16;1,92874984796392e-22;6,03486080597101e-30;"H2";"V";"ENE";"C";"seco";"fruto"
"ID241";0,692569324205198;0,726149037073691;0,0561347628341337;9,92950430585108e-06;5,53461007170101e-12;1,5279799682873e-17;3,26102718071105e-24;"H2";"V";"ENE";"AQ";"verde";"hoja"
"ID242";1;0,135335283236613;0,00153381067932446;1,52299797447126e-08;4,76530473529909e-16;1,92874984796392e-22;6,03486080597101e-30;"H2";"V";"ENE";"R";"verde";"hoja"
"ID243";0,849365816568312;0,486752255959972;0,0198410947443703;1,34381227763152e-06;2,8679750088881e-13;4,17501005585051e-19;4,69835486089801e-26;"H3";"V";"ENE";"AD";"verde";"hoja"
"ID244";0,960005441285478;0,278037300453194;0,00597602289500594;1,5497531357029e-07;1,26641655490942e-14;9,72098502030078e-21;5,76832996124788e-28;"H3";"V";"ENE";"Y";"verde";"hoja"
"ID245";0,960005441285478;0,278037300453194;0,00597602289500594;1,5497531357029e-07;1,26641655490942e-14;9,72098502030078e-21;5,76832996124788e-28;"H3";"V";"ENE";"Y";"seco";"hoja"
"ID246";0,692569324205198;0,726149037073691;0,0561347628341337;9,92950430585108e-06;5,53461007170101e-12;1,5279799682873e-17;3,26102718071105e-24;"H3";"V";"ENE";"M";"verde";"fruto"
"ID247";0,849365816568312;0,486752255959972;0,0198410947443703;1,34381227763152e-06;2,8679750088881e-13;4,17501005585051e-19;4,69835486089801e-26;"H3";"V";"ENE";"M";"verde";"flor"
"ID248";1;0,135335283236613;0,00153381067932446;1,52299797447126e-08;4,76530473529909e-16;1,92874984796392e-22;6,03486080597101e-30;"H3";"V";"ENE";"AQ";"verde";"hoja"
"ID249";1;0,135335283236613;0,00153381067932446;1,52299797447126e-08;4,76530473529909e-16;1,92874984796392e-22;6,03486080597101e-30;"H3";"V";"ENE";"sin";"verde";"hoja"
"ID250";0,960005441285478;0,278037300453194;0,00597602289500594;1,5497531357029e-07;1,26641655490942e-14;9,72098502030078e-21;5,76832996124788e-28;"H3";"V";"ENE";"I";"verde";"hoja"
"ID251";0,692569324205198;0,726149037073691;0,0561347628341337;9,92950430585108e-06;5,53461007170101e-12;1,5279799682873e-17;3,26102718071105e-24;"H3";"V";"ENE";"T";"verde";"hoja"
"ID252";0,520450121020702;0,923116346386636;0,135335283236613;6,25215037748203e-05;9,10147076448794e-11;4,76530473529909e-16;1,92874984796392e-22;"H3";"V";"ENE";"sin";"verde";"tallo"
"ID253";0,849365816568312;0,486752255959972;0,0198410947443703;1,34381227763152e-06;2,8679750088881e-13;4,17501005585051e-19;4,69835486089801e-26;"H3";"V";"ENE";"sin";"seco";"tallo"
"ID254";0,520450121020702;0,923116346386636;0,135335283236613;6,25215037748203e-05;9,10147076448794e-11;4,76530473529909e-16;1,92874984796392e-22;"H4";"V";"ENE";"AD";"verde";"hoja"
"ID255";0,135335283236613;0,726149037073691;0,726149037073691;0,00597602289500594;1,5497531357029e-07;5,53461007170101e-12;1,5279799682873e-17;"H4";"V";"ENE";"Y";"verde";"hoja"
"ID256";0,960005441285478;0,278037300453194;0,00597602289500594;1,5497531357029e-07;1,26641655490942e-14;9,72098502030078e-21;5,76832996124788e-28;"H4";"V";"ENE";"T";"verde";"hoja"
"ID257";0,849365816568312;0,486752255959972;0,0198410947443703;1,34381227763152e-06;2,8679750088881e-13;4,17501005585051e-19;4,69835486089801e-26;"H4";"V";"ENE";"AQ";"verde";"hoja"
"ID258";0,960005441285478;0,278037300453194;0,00597602289500594;1,5497531357029e-07;1,26641655490942e-14;9,72098502030078e-21;5,76832996124788e-28;"H4";"V";"ENE";"sin";"seco";"hoja"
"ID259";0,960005441285478;0,278037300453194;0,00597602289500594;1,5497531357029e-07;1,26641655490942e-14;9,72098502030078e-21;5,76832996124788e-28;"H4";"V";"ENE";"sin";"verde";"hoja"
"ID260";0,960005441285478;0,278037300453194;0,00597602289500594;1,5497531357029e-07;1,26641655490942e-14;9,72098502030078e-21;5,76832996124788e-28;"H4";"V";"ENE";"sin";"verde";"flor"
"ID261";1;0,135335283236613;0,00153381067932446;1,52299797447126e-08;4,76530473529909e-16;1,92874984796392e-22;6,03486080597101e-30;"H4";"V";"ENE";"R";"verde";"hoja"
"ID262";0,520450121020702;0,923116346386636;0,135335283236613;6,25215037748203e-05;9,10147076448794e-11;4,76530473529909e-16;1,92874984796392e-22;"H4";"V";"ENE";"R";"verde";"flor"
"ID263";1;0,135335283236613;0,00153381067932446;1,52299797447126e-08;4,76530473529909e-16;1,92874984796392e-22;6,03486080597101e-30;"H5";"V";"ENE";"AO";"seco";"hoja"
"ID264";1;0,135335283236613;0,00153381067932446;1,52299797447126e-08;4,76530473529909e-16;1,92874984796392e-22;6,03486080597101e-30;"H5";"V";"ENE";"AQ";"seco";"hoja"
"ID265";1;0,135335283236613;0,00153381067932446;1,52299797447126e-08;4,76530473529909e-16;1,92874984796392e-22;6,03486080597101e-30;"H6";"V";"ENE";"sin";"seco";"tallo"
"ID266";1;0,135335283236613;0,00153381067932446;1,52299797447126e-08;4,76530473529909e-16;1,92874984796392e-22;6,03486080597101e-30;"H7";"V";"ENE";"sin";"seco";"tallo"
"ID267";1;0,135335283236613;0,00153381067932446;1,52299797447126e-08;4,76530473529909e-16;1,92874984796392e-22;6,03486080597101e-30;"H7";"V";"ENE";"AQ";"seco";"fruto"
"ID268";1;0,135335283236613;0,00153381067932446;1,52299797447126e-08;4,76530473529909e-16;1,92874984796392e-22;6,03486080597101e-30;"H7";"V";"ENE";"AQ";"verde";"hoja"
"ID269";1;0,135335283236613;0,00153381067932446;1,52299797447126e-08;4,76530473529909e-16;1,92874984796392e-22;6,03486080597101e-30;"H7";"V";"ENE";"I";"verde";"hoja"
"ID270";1;0,135335283236613;0,00153381067932446;1,52299797447126e-08;4,76530473529909e-16;1,92874984796392e-22;6,03486080597101e-30;"H7";"V";"ENE";"sin";"seco";"tallo"
"ID271";0,520450121020702;0,923116346386636;0,135335283236613;6,25215037748203e-05;9,10147076448794e-11;4,76530473529909e-16;1,92874984796392e-22;"H7";"V";"ENE";"AD";"verde";"hoja"
"ID272";1;0,135335283236613;0,00153381067932446;1,52299797447126e-08;4,76530473529909e-16;1,92874984796392e-22;6,03486080597101e-30;"H7";"V";"ENE";"Y";"seco";"hoja"
"ID273";1,52299797447126e-08;1,27540762952604e-09;9,92950430585108e-06;0,0561347628341337;1;0,278037300453194;0,00597602289500594;"H7";"V";"ENE";"AQ";"verde";"hoja"
"ID274";1;0,135335283236613;0,00153381067932446;1,52299797447126e-08;4,76530473529909e-16;1,92874984796392e-22;6,03486080597101e-30;"H8";"V";"ENE";"sin";"seco";"tallo"
"ID275";0,960005441285478;0,278037300453194;0,00597602289500594;1,5497531357029e-07;1,26641655490942e-14;9,72098502030078e-21;5,76832996124788e-28;"H8";"V";"ENE";"Y";"seco";"hoja"
"ID276";1;0,135335283236613;0,00153381067932446;1,52299797447126e-08;4,76530473529909e-16;1,92874984796392e-22;6,03486080597101e-30;"H8";"V";"ENE";"Y";"verde";"hoja"
"ID277";1;0,135335283236613;0,00153381067932446;1,52299797447126e-08;4,76530473529909e-16;1,92874984796392e-22;6,03486080597101e-30;"H8";"V";"ENE";"AA";"seco";"hoja"
"ID278";1;0,135335283236613;0,00153381067932446;1,52299797447126e-08;4,76530473529909e-16;1,92874984796392e-22;6,03486080597101e-30;"H8";"V";"ENE";"sin";"verde";"hoja"
"ID279";8,11853834914405e-08;1,52299797447126e-08;6,25215037748203e-05;0,135335283236613;0,923116346386636;0,135335283236613;0,00153381067932446;"H8";"V";"ENE";"AQ";"verde";"hoja"
"ID280";0,960005441285478;0,278037300453194;0,00597602289500594;1,5497531357029e-07;1,26641655490942e-14;9,72098502030078e-21;5,76832996124788e-28;"H9";"V";"ENE";"AQ";"seco";"hoja"
"ID281";8,11853834914405e-08;1,52299797447126e-08;6,25215037748203e-05;0,135335283236613;0,923116346386636;0,135335283236613;0,00153381067932446;"H9";"V";"ENE";"M";"seco";"fruto"
"ID282";0,360447788597821;1;0,278037300453194;0,000335462627902512;1,27540762952604e-09;1,26641655490942e-14;9,72098502030078e-21;"H9";"V";"ENE";"sin";"verde";"tallo"
"ID283";1;0,135335283236613;0,00153381067932446;1,52299797447126e-08;4,76530473529909e-16;1,92874984796392e-22;6,03486080597101e-30;"H9";"V";"ENE";"AF";"verde";"hoja"
"ID284";1;0,135335283236613;0,00153381067932446;1,52299797447126e-08;4,76530473529909e-16;1,92874984796392e-22;6,03486080597101e-30;"H1";"V";"ENE";"sin";"verde";"tallo"
"ID285";1;0,135335283236613;0,00153381067932446;1,52299797447126e-08;4,76530473529909e-16;1,92874984796392e-22;6,03486080597101e-30;"H1";"V";"ENE";"sin";"seco";"tallo"
"ID286";0,960005441285478;0,278037300453194;0,00597602289500594;1,5497531357029e-07;1,26641655490942e-14;9,72098502030078e-21;5,76832996124788e-28;"H1";"V";"ENE";"I";"verde";"hoja"
"ID287";0,00280163803484848;0,0198410947443703;0,486752255959972;0,486752255959972;0,00153381067932446;1,34381227763152e-06;9,10147076448794e-11;"H1";"V";"ENE";"AQ";"verde";"hoja"
"ID288";1;0,135335283236613;0,00153381067932446;1,52299797447126e-08;4,76530473529909e-16;1,92874984796392e-22;6,03486080597101e-30;"H1";"V";"ENE";"sin";"verde";"flor"
"ID289";1;0,135335283236613;0,00153381067932446;1,52299797447126e-08;4,76530473529909e-16;1,92874984796392e-22;6,03486080597101e-30;"H2";"V";"ENE";"sin";"seco";"tallo"
"ID290";1;0,135335283236613;0,00153381067932446;1,52299797447126e-08;4,76530473529909e-16;1,92874984796392e-22;6,03486080597101e-30;"H2";"V";"ENE";"AD";"verde";"hoja"
"ID291";0,0733696513683829;0,486752255959972;0,923116346386636;0,0198410947443703;1,34381227763152e-06;9,10147076448794e-11;4,76530473529909e-16;"H2";"V";"ENE";"AQ";"verde";"hoja"
"ID292";0,00280163803484848;0,0198410947443703;0,486752255959972;0,486752255959972;0,00153381067932446;1,34381227763152e-06;9,10147076448794e-11;"H2";"V";"ENE";"AQ";"seco";"hoja"
"ID293";1;0,135335283236613;0,00153381067932446;1,52299797447126e-08;4,76530473529909e-16;1,92874984796392e-22;6,03486080597101e-30;"H2";"V";"ENE";"AF";"verde";"hoja"
"ID294";0,960005441285478;0,278037300453194;0,00597602289500594;1,5497531357029e-07;1,26641655490942e-14;9,72098502030078e-21;5,76832996124788e-28;"H3";"V";"ENE";"sin";"seco";"tallo"
"ID295";0,692569324205198;0,726149037073691;0,0561347628341337;9,92950430585108e-06;5,53461007170101e-12;1,5279799682873e-17;3,26102718071105e-24;"H3";"V";"ENE";"AQ";"seco";"hoja"
"ID296";2,63310509991425e-09;9,10147076448794e-11;1,34381227763152e-06;0,0198410947443703;0,923116346386636;0,486752255959972;0,0198410947443703;"H3";"V";"ENE";"AQ";"verde";"hoja"
"ID297";1;0,135335283236613;0,00153381067932446;1,52299797447126e-08;4,76530473529909e-16;1,92874984796392e-22;6,03486080597101e-30;"H4";"V";"ENE";"Y";"seco";"hoja"
"ID298";1;0,135335283236613;0,00153381067932446;1,52299797447126e-08;4,76530473529909e-16;1,92874984796392e-22;6,03486080597101e-30;"H4";"V";"ENE";"sin";"seco";"tallo"
"ID299";0,692569324205198;0,726149037073691;0,0561347628341337;9,92950430585108e-06;5,53461007170101e-12;1,5279799682873e-17;3,26102718071105e-24;"H4";"V";"ENE";"AD";"verde";"hoja"
"ID300";1;0,135335283236613;0,00153381067932446;1,52299797447126e-08;4,76530473529909e-16;1,92874984796392e-22;6,03486080597101e-30;"H4";"V";"ENE";"sin";"verde";"flor"
"ID301";1;0,135335283236613;0,00153381067932446;1,52299797447126e-08;4,76530473529909e-16;1,92874984796392e-22;6,03486080597101e-30;"H4";"V";"ENE";"P";"verde";"flor"
"ID302";0,960005441285478;0,278037300453194;0,00597602289500594;1,5497531357029e-07;1,26641655490942e-14;9,72098502030078e-21;5,76832996124788e-28;"H4";"V";"ENE";"AA";"verde";"hoja"
"ID303";0,960005441285478;0,278037300453194;0,00597602289500594;1,5497531357029e-07;1,26641655490942e-14;9,72098502030078e-21;5,76832996124788e-28;"H4";"V";"ENE";"K";"verde";"hoja"
"ID304";1;0,135335283236613;0,00153381067932446;1,52299797447126e-08;4,76530473529909e-16;1,92874984796392e-22;6,03486080597101e-30;"H4";"V";"ENE";"H";"seco";"hoja"
"ID305";0,960005441285478;0,278037300453194;0,00597602289500594;1,5497531357029e-07;1,26641655490942e-14;9,72098502030078e-21;5,76832996124788e-28;"H4";"V";"ENE";"AQ";"seco";"hoja"
"ID306";0,000335462627902512;0,00153381067932446;0,135335283236613;0,923116346386636;0,0198410947443703;6,25215037748203e-05;1,52299797447126e-08;"H4";"V";"ENE";"AQ";"verde";"hoja"
"ID307";0,849365816568312;0,486752255959972;0,0198410947443703;1,34381227763152e-06;2,8679750088881e-13;4,17501005585051e-19;4,69835486089801e-26;"H5";"V";"ENE";"AD";"verde";"hoja"
"ID308";1;0,135335283236613;0,00153381067932446;1,52299797447126e-08;4,76530473529909e-16;1,92874984796392e-22;6,03486080597101e-30;"H5";"V";"ENE";"sin";"seco";"tallo"
"ID309";1;0,135335283236613;0,00153381067932446;1,52299797447126e-08;4,76530473529909e-16;1,92874984796392e-22;6,03486080597101e-30;"H5";"V";"ENE";"sin";"seco";"hoja"
"ID310";1;0,135335283236613;0,00153381067932446;1,52299797447126e-08;4,76530473529909e-16;1,92874984796392e-22;6,03486080597101e-30;"H5";"V";"ENE";"T";"seco";"hoja"
"ID311";1;0,135335283236613;0,00153381067932446;1,52299797447126e-08;4,76530473529909e-16;1,92874984796392e-22;6,03486080597101e-30;"H5";"V";"ENE";"AH";"verde";"hoja"
"ID312";1;0,135335283236613;0,00153381067932446;1,52299797447126e-08;4,76530473529909e-16;1,92874984796392e-22;6,03486080597101e-30;"H5";"V";"ENE";"AF";"verde";"hoja"
"ID313";8,11853834914405e-08;1,52299797447126e-08;6,25215037748203e-05;0,135335283236613;0,923116346386636;0,135335283236613;0,00153381067932446;"H5";"V";"ENE";"AQ";"verde";"hoja"
"ID314";0,960005441285478;0,278037300453194;0,00597602289500594;1,5497531357029e-07;1,26641655490942e-14;9,72098502030078e-21;5,76832996124788e-28;"H6";"V";"ENE";"Y";"verde";"hoja"
"ID315";0,960005441285478;0,278037300453194;0,00597602289500594;1,5497531357029e-07;1,26641655490942e-14;9,72098502030078e-21;5,76832996124788e-28;"H6";"V";"ENE";"sin";"seco";"tallo"
"ID316";0,360447788597821;1;0,278037300453194;0,000335462627902512;1,27540762952604e-09;1,26641655490942e-14;9,72098502030078e-21;"H6";"V";"ENE";"AQ";"verde";"hoja"
"ID317";1;0,135335283236613;0,00153381067932446;1,52299797447126e-08;4,76530473529909e-16;1,92874984796392e-22;6,03486080597101e-30;"H11";"M";"ENE";"sin";"verde";"tallo"
"ID318";0,960005441285478;0,278037300453194;0,00597602289500594;1,5497531357029e-07;1,26641655490942e-14;9,72098502030078e-21;5,76832996124788e-28;"H11";"M";"ENE";"AQ";"seco";"hoja"
"ID319";0,960005441285478;0,278037300453194;0,00597602289500594;1,5497531357029e-07;1,26641655490942e-14;9,72098502030078e-21;5,76832996124788e-28;"H11";"M";"ENE";"Q";"seco";"fruto"
"ID320";1;0,135335283236613;0,00153381067932446;1,52299797447126e-08;4,76530473529909e-16;1,92874984796392e-22;6,03486080597101e-30;"H11";"M";"ENE";"T";"seco";"hoja"
"ID321";0,000102702564619655;0,000335462627902512;0,0561347628341337;1;0,0561347628341337;0,000335462627902512;1,5497531357029e-07;"H11";"M";"ENE";"T";"verde";"hoja"
"ID322";0,360447788597821;1;0,278037300453194;0,000335462627902512;1,27540762952604e-09;1,26641655490942e-14;9,72098502030078e-21;"H11";"M";"ENE";"sin";"seco";"tallo"
"ID323";1;0,135335283236613;0,00153381067932446;1,52299797447126e-08;4,76530473529909e-16;1,92874984796392e-22;6,03486080597101e-30;"H12";"M";"ENE";"sin";"seco";"hoja"
"ID324";1;0,135335283236613;0,00153381067932446;1,52299797447126e-08;4,76530473529909e-16;1,92874984796392e-22;6,03486080597101e-30;"H12";"M";"ENE";"AQ";"verde";"hoja"
"ID325";1;0,135335283236613;0,00153381067932446;1,52299797447126e-08;4,76530473529909e-16;1,92874984796392e-22;6,03486080597101e-30;"H12";"M";"ENE";"AQ";"seco";"hoja"
"ID326";1;0,135335283236613;0,00153381067932446;1,52299797447126e-08;4,76530473529909e-16;1,92874984796392e-22;6,03486080597101e-30;"H12";"M";"ENE";"AJ";"verde";"hoja"
"ID327";0,230066298993809;0,923116346386636;0,486752255959972;0,00153381067932446;1,52299797447126e-08;2,8679750088881e-13;4,17501005585051e-19;"H13";"M";"ENE";"sin";"seco";"tallo"
"ID328";0,036658041953378;0,278037300453194;1;0,0561347628341337;9,92950430585108e-06;1,27540762952604e-09;1,26641655490942e-14;"H13";"M";"ENE";"T";"verde";"hoja"
"ID329";0,960005441285478;0,278037300453194;0,00597602289500594;1,5497531357029e-07;1,26641655490942e-14;9,72098502030078e-21;5,76832996124788e-28;"H13";"M";"ENE";"AJ";"verde";"tallo"
"ID330";0,0168798841487899;0,135335283236613;0,923116346386636;0,135335283236613;6,25215037748203e-05;1,52299797447126e-08;2,8679750088881e-13;"H13";"M";"ENE";"sin";"verde";"hoja"
"ID331";1;0,135335283236613;0,00153381067932446;1,52299797447126e-08;4,76530473529909e-16;1,92874984796392e-22;6,03486080597101e-30;"H1";"V";"FEB";"sin";"verde";"tallo"
"ID332";1;0,135335283236613;0,00153381067932446;1,52299797447126e-08;4,76530473529909e-16;1,92874984796392e-22;6,03486080597101e-30;"H1";"V";"FEB";"AF";"seco";"hoja"
"ID333";0,960005441285478;0,278037300453194;0,00597602289500594;1,5497531357029e-07;1,26641655490942e-14;9,72098502030078e-21;5,76832996124788e-28;"H2";"V";"FEB";"Y";"verde";"hoja"
"ID334";1;0,135335283236613;0,00153381067932446;1,52299797447126e-08;4,76530473529909e-16;1,92874984796392e-22;6,03486080597101e-30;"H2";"V";"FEB";"I";"verde";"flor"
"ID335";0,692569324205198;0,726149037073691;0,0561347628341337;9,92950430585108e-06;5,53461007170101e-12;1,5279799682873e-17;3,26102718071105e-24;"H3";"V";"FEB";"sin";"seco";"tallo"
"ID336";1;0,135335283236613;0,00153381067932446;1,52299797447126e-08;4,76530473529909e-16;1,92874984796392e-22;6,03486080597101e-30;"H3";"V";"FEB";"sin";"seco";"semilla"
"ID337";1;0,135335283236613;0,00153381067932446;1,52299797447126e-08;4,76530473529909e-16;1,92874984796392e-22;6,03486080597101e-30;"H4";"V";"FEB";"sin";"seco";"tallo"
"ID338";1;0,135335283236613;0,00153381067932446;1,52299797447126e-08;4,76530473529909e-16;1,92874984796392e-22;6,03486080597101e-30;"H4";"V";"FEB";"U";"verde";"hoja"
"ID339";1;0,135335283236613;0,00153381067932446;1,52299797447126e-08;4,76530473529909e-16;1,92874984796392e-22;6,03486080597101e-30;"H4";"V";"FEB";"U";"verde";"tallo"
"ID340";0,0733696513683829;0,486752255959972;0,923116346386636;0,0198410947443703;1,34381227763152e-06;9,10147076448794e-11;4,76530473529909e-16;"H4";"V";"FEB";"AQ";"verde";"hoja"
"ID341";0,230066298993809;0,923116346386636;0,486752255959972;0,00153381067932446;1,52299797447126e-08;2,8679750088881e-13;4,17501005585051e-19;"H5";"V";"FEB";"sin";"seco";"tallo"
"ID342";0,960005441285478;0,278037300453194;0,00597602289500594;1,5497531357029e-07;1,26641655490942e-14;9,72098502030078e-21;5,76832996124788e-28;"H5";"V";"FEB";"sin";"verde";"tallo"
"ID343";1;0,135335283236613;0,00153381067932446;1,52299797447126e-08;4,76530473529909e-16;1,92874984796392e-22;6,03486080597101e-30;"H5";"V";"FEB";"sin";"seco";"hoja"
"ID344";0,960005441285478;0,278037300453194;0,00597602289500594;1,5497531357029e-07;1,26641655490942e-14;9,72098502030078e-21;5,76832996124788e-28;"H5";"V";"FEB";"AI";"verde";"hoja"
"ID345";1;0,135335283236613;0,00153381067932446;1,52299797447126e-08;4,76530473529909e-16;1,92874984796392e-22;6,03486080597101e-30;"H5";"V";"FEB";"A";"seco";"semilla"
"ID346";0,849365816568312;0,486752255959972;0,0198410947443703;1,34381227763152e-06;2,8679750088881e-13;4,17501005585051e-19;4,69835486089801e-26;"H5";"V";"FEB";"AQ";"seco";"fruto"
"ID347";0,00280163803484848;0,0198410947443703;0,486752255959972;0,486752255959972;0,00153381067932446;1,34381227763152e-06;9,10147076448794e-11;"H5";"V";"FEB";"AQ";"verde";"hoja"
"ID348";1;0,135335283236613;0,00153381067932446;1,52299797447126e-08;4,76530473529909e-16;1,92874984796392e-22;6,03486080597101e-30;"H6";"V";"FEB";"AL";"seco";"fruto"
"ID349";1;0,135335283236613;0,00153381067932446;1,52299797447126e-08;4,76530473529909e-16;1,92874984796392e-22;6,03486080597101e-30;"H6";"V";"FEB";"AQ";"seco";"fruto"
"ID350";0,849365816568312;0,486752255959972;0,0198410947443703;1,34381227763152e-06;2,8679750088881e-13;4,17501005585051e-19;4,69835486089801e-26;"H6";"V";"FEB";"AL";"verde";"hoja"
"ID351";1;0,135335283236613;0,00153381067932446;1,52299797447126e-08;4,76530473529909e-16;1,92874984796392e-22;6,03486080597101e-30;"H6";"V";"FEB";"AL";"verde";"tallo"
"ID352";0,849365816568312;0,486752255959972;0,0198410947443703;1,34381227763152e-06;2,8679750088881e-13;4,17501005585051e-19;4,69835486089801e-26;"H7";"V";"FEB";"sin";"verde";"tallo"
"ID353";1;0,135335283236613;0,00153381067932446;1,52299797447126e-08;4,76530473529909e-16;1,92874984796392e-22;6,03486080597101e-30;"H7";"V";"FEB";"sin";"seco";"tallo"
"ID354";0,692569324205198;0,726149037073691;0,0561347628341337;9,92950430585108e-06;5,53461007170101e-12;1,5279799682873e-17;3,26102718071105e-24;"H7";"V";"FEB";"AD";"verde";"hoja"
"ID355";1;0,135335283236613;0,00153381067932446;1,52299797447126e-08;4,76530473529909e-16;1,92874984796392e-22;6,03486080597101e-30;"H7";"V";"FEB";"sin";"seco";"fruto"
"ID356";0,849365816568312;0,486752255959972;0,0198410947443703;1,34381227763152e-06;2,8679750088881e-13;4,17501005585051e-19;4,69835486089801e-26;"H7";"V";"FEB";"Y";"verde";"flor"
"ID357";1;0,135335283236613;0,00153381067932446;1,52299797447126e-08;4,76530473529909e-16;1,92874984796392e-22;6,03486080597101e-30;"H7";"V";"FEB";"Y";"seco";"hoja"
"ID358";0,849365816568312;0,486752255959972;0,0198410947443703;1,34381227763152e-06;2,8679750088881e-13;4,17501005585051e-19;4,69835486089801e-26;"H7";"V";"FEB";"I";"verde";"hoja"
"ID359";1;0,135335283236613;0,00153381067932446;1,52299797447126e-08;4,76530473529909e-16;1,92874984796392e-22;6,03486080597101e-30;"H7";"V";"FEB";"T";"seco";"hoja"
"ID360";1;0,135335283236613;0,00153381067932446;1,52299797447126e-08;4,76530473529909e-16;1,92874984796392e-22;6,03486080597101e-30;"H7";"V";"FEB";"AQ";"seco";"fruto"
"ID361";0,0733696513683829;0,486752255959972;0,923116346386636;0,0198410947443703;1,34381227763152e-06;9,10147076448794e-11;4,76530473529909e-16;"H7";"V";"FEB";"AQ";"verde";"hoja"
"ID362";1;0,135335283236613;0,00153381067932446;1,52299797447126e-08;4,76530473529909e-16;1,92874984796392e-22;6,03486080597101e-30;"H8";"V";"FEB";"AQ";"verde";"hoja"
"ID363";1;0,135335283236613;0,00153381067932446;1,52299797447126e-08;4,76530473529909e-16;1,92874984796392e-22;6,03486080597101e-30;"H8";"V";"FEB";"AQ";"seco";"hoja"
"ID364";1;0,135335283236613;0,00153381067932446;1,52299797447126e-08;4,76530473529909e-16;1,92874984796392e-22;6,03486080597101e-30;"H8";"V";"FEB";"AQ";"verde";"fruto"
"ID365";0,849365816568312;0,486752255959972;0,0198410947443703;1,34381227763152e-06;2,8679750088881e-13;4,17501005585051e-19;4,69835486089801e-26;"H8";"V";"FEB";"sin";"verde";"tallo"
"ID366";1;0,135335283236613;0,00153381067932446;1,52299797447126e-08;4,76530473529909e-16;1,92874984796392e-22;6,03486080597101e-30;"H8";"V";"FEB";"sin";"seco";"tallo"
"ID367";1;0,135335283236613;0,00153381067932446;1,52299797447126e-08;4,76530473529909e-16;1,92874984796392e-22;6,03486080597101e-30;"H9";"V";"FEB";"AL";"verde";"fruto"
"ID368";0,520450121020702;0,923116346386636;0,135335283236613;6,25215037748203e-05;9,10147076448794e-11;4,76530473529909e-16;1,92874984796392e-22;"H9";"V";"FEB";"AQ";"verde";"hoja"
"ID369";1;0,135335283236613;0,00153381067932446;1,52299797447126e-08;4,76530473529909e-16;1,92874984796392e-22;6,03486080597101e-30;"H1";"V";"FEB";"AQ";"verde";"hoja"
"ID370";1;0,135335283236613;0,00153381067932446;1,52299797447126e-08;4,76530473529909e-16;1,92874984796392e-22;6,03486080597101e-30;"H2";"V";"FEB";"F";"verde";"fruto"
"ID371";1;0,135335283236613;0,00153381067932446;1,52299797447126e-08;4,76530473529909e-16;1,92874984796392e-22;6,03486080597101e-30;"H2";"V";"FEB";"AD";"seco";"hoja"
"ID372";0,692569324205198;0,726149037073691;0,0561347628341337;9,92950430585108e-06;5,53461007170101e-12;1,5279799682873e-17;3,26102718071105e-24;"H2";"V";"FEB";"AD";"verde";"hoja"
"ID373";1;0,135335283236613;0,00153381067932446;1,52299797447126e-08;4,76530473529909e-16;1,92874984796392e-22;6,03486080597101e-30;"H2";"V";"FEB";"sin";"seco";"tallo"
"ID374";1;0,135335283236613;0,00153381067932446;1,52299797447126e-08;4,76530473529909e-16;1,92874984796392e-22;6,03486080597101e-30;"H2";"V";"FEB";"AI";"verde";"hoja"
"ID375";1;0,135335283236613;0,00153381067932446;1,52299797447126e-08;4,76530473529909e-16;1,92874984796392e-22;6,03486080597101e-30;"H2";"V";"FEB";"I";"seco";"hoja"
"ID376";0,849365816568312;0,486752255959972;0,0198410947443703;1,34381227763152e-06;2,8679750088881e-13;4,17501005585051e-19;4,69835486089801e-26;"H2";"V";"FEB";"AH";"verde";"hoja"
"ID377";0,960005441285478;0,278037300453194;0,00597602289500594;1,5497531357029e-07;1,26641655490942e-14;9,72098502030078e-21;5,76832996124788e-28;"H3";"V";"FEB";"sin";"verde";"hoja"
"ID378";0,960005441285478;0,278037300453194;0,00597602289500594;1,5497531357029e-07;1,26641655490942e-14;9,72098502030078e-21;5,76832996124788e-28;"H3";"V";"FEB";"sin";"seco";"tallo"
"ID379";0,960005441285478;0,278037300453194;0,00597602289500594;1,5497531357029e-07;1,26641655490942e-14;9,72098502030078e-21;5,76832996124788e-28;"H3";"V";"FEB";"sin";"verde";"tallo"
"ID380";1;0,135335283236613;0,00153381067932446;1,52299797447126e-08;4,76530473529909e-16;1,92874984796392e-22;6,03486080597101e-30;"H3";"V";"FEB";"AQ";"verde";"hoja"
"ID381";1;0,135335283236613;0,00153381067932446;1,52299797447126e-08;4,76530473529909e-16;1,92874984796392e-22;6,03486080597101e-30;"H3";"V";"FEB";"AQ";"verde";"fruto"
"ID382";0,360447788597821;1;0,278037300453194;0,000335462627902512;1,27540762952604e-09;1,26641655490942e-14;9,72098502030078e-21;"H3";"V";"FEB";"Y";"verde";"hoja"
"ID383";1;0,135335283236613;0,00153381067932446;1,52299797447126e-08;4,76530473529909e-16;1,92874984796392e-22;6,03486080597101e-30;"H3";"V";"FEB";"Y";"verde";"flor"
"ID384";1;0,135335283236613;0,00153381067932446;1,52299797447126e-08;4,76530473529909e-16;1,92874984796392e-22;6,03486080597101e-30;"H3";"V";"FEB";"AA";"seco";"hoja"
"ID385";0,360447788597821;1;0,278037300453194;0,000335462627902512;1,27540762952604e-09;1,26641655490942e-14;9,72098502030078e-21;"H3";"V";"FEB";"AI";"verde";"hoja"
"ID386";1;0,135335283236613;0,00153381067932446;1,52299797447126e-08;4,76530473529909e-16;1,92874984796392e-22;6,03486080597101e-30;"H3";"V";"FEB";"AI";"verde";"flor"
"ID387";1;0,135335283236613;0,00153381067932446;1,52299797447126e-08;4,76530473529909e-16;1,92874984796392e-22;6,03486080597101e-30;"H3";"V";"FEB";"sin";"verde";"flor"
"ID388";1;0,135335283236613;0,00153381067932446;1,52299797447126e-08;4,76530473529909e-16;1,92874984796392e-22;6,03486080597101e-30;"H3";"V";"FEB";"AH";"verde";"hoja"
"ID389";0,960005441285478;0,278037300453194;0,00597602289500594;1,5497531357029e-07;1,26641655490942e-14;9,72098502030078e-21;5,76832996124788e-28;"H3";"V";"FEB";"A";"seco";"fruto"
"ID390";1;0,135335283236613;0,00153381067932446;1,52299797447126e-08;4,76530473529909e-16;1,92874984796392e-22;6,03486080597101e-30;"H3";"V";"FEB";"X";"verde";"hoja"
"ID391";0,692569324205198;0,726149037073691;0,0561347628341337;9,92950430585108e-06;5,53461007170101e-12;1,5279799682873e-17;3,26102718071105e-24;"H4";"V";"FEB";"AD";"verde";"hoja"
"ID392";0,230066298993809;0,923116346386636;0,486752255959972;0,00153381067932446;1,52299797447126e-08;2,8679750088881e-13;4,17501005585051e-19;"H4";"V";"FEB";"Y";"seco";"hoja"
"ID393";1;0,135335283236613;0,00153381067932446;1,52299797447126e-08;4,76530473529909e-16;1,92874984796392e-22;6,03486080597101e-30;"H4";"V";"FEB";"sin";"seco";"tallo"
"ID394";1;0,135335283236613;0,00153381067932446;1,52299797447126e-08;4,76530473529909e-16;1,92874984796392e-22;6,03486080597101e-30;"H4";"V";"FEB";"K";"verde";"hoja"
"ID395";0,960005441285478;0,278037300453194;0,00597602289500594;1,5497531357029e-07;1,26641655490942e-14;9,72098502030078e-21;5,76832996124788e-28;"H4";"V";"FEB";"AQ";"verde";"hoja"
"ID396";0,520450121020702;0,923116346386636;0,135335283236613;6,25215037748203e-05;9,10147076448794e-11;4,76530473529909e-16;1,92874984796392e-22;"H4";"V";"FEB";"I";"verde";"flor"
"ID397";0,135335283236613;0,726149037073691;0,726149037073691;0,00597602289500594;1,5497531357029e-07;5,53461007170101e-12;1,5279799682873e-17;"H4";"V";"FEB";"sin";"verde";"hoja"
"ID398";1;0,135335283236613;0,00153381067932446;1,52299797447126e-08;4,76530473529909e-16;1,92874984796392e-22;6,03486080597101e-30;"H5";"V";"FEB";"AQ";"seco";"hoja"
"ID399";1;0,135335283236613;0,00153381067932446;1,52299797447126e-08;4,76530473529909e-16;1,92874984796392e-22;6,03486080597101e-30;"H5";"V";"FEB";"sin";"verde";"tallo"
"ID400";1;0,135335283236613;0,00153381067932446;1,52299797447126e-08;4,76530473529909e-16;1,92874984796392e-22;6,03486080597101e-30;"H5";"V";"FEB";"sin";"verde";"hoja"
"ID401";0,036658041953378;0,278037300453194;1;0,0561347628341337;9,92950430585108e-06;1,27540762952604e-09;1,26641655490942e-14;"H6";"V";"FEB";"AD";"verde";"hoja"
"ID402";0,692569324205198;0,726149037073691;0,0561347628341337;9,92950430585108e-06;5,53461007170101e-12;1,5279799682873e-17;3,26102718071105e-24;"H6";"V";"FEB";"sin";"seco";"tallo"
"ID403";1;0,135335283236613;0,00153381067932446;1,52299797447126e-08;4,76530473529909e-16;1,92874984796392e-22;6,03486080597101e-30;"H6";"V";"FEB";"AL";"verde";"hoja"
"ID404";0,960005441285478;0,278037300453194;0,00597602289500594;1,5497531357029e-07;1,26641655490942e-14;9,72098502030078e-21;5,76832996124788e-28;"H6";"V";"FEB";"AQ";"verde";"hoja"
"ID405";0,360447788597821;1;0,278037300453194;0,000335462627902512;1,27540762952604e-09;1,26641655490942e-14;9,72098502030078e-21;"H6";"V";"FEB";"sin";"verde";"hoja"
"ID406";0,849365816568312;0,486752255959972;0,0198410947443703;1,34381227763152e-06;2,8679750088881e-13;4,17501005585051e-19;4,69835486089801e-26;"H8";"V";"FEB";"sin";"verde";"tallo"
"ID407";1,23645174614137e-15;9,72098502030078e-21;1,26641655490942e-14;1,5497531357029e-07;0,00597602289500594;0,278037300453194;1;"H7";"V";"FEB";"AQ";"verde";"hoja"
"ID408";0,230066298993809;0,923116346386636;0,486752255959972;0,00153381067932446;1,52299797447126e-08;2,8679750088881e-13;4,17501005585051e-19;"H11";"M";"FEB";"T";"verde";"hoja"
"ID409";0,692569324205198;0,726149037073691;0,0561347628341337;9,92950430585108e-06;5,53461007170101e-12;1,5279799682873e-17;3,26102718071105e-24;"H11";"M";"FEB";"AQ";"verde";"hoja"
"ID410";1;0,135335283236613;0,00153381067932446;1,52299797447126e-08;4,76530473529909e-16;1,92874984796392e-22;6,03486080597101e-30;"H11";"M";"FEB";"sin";"verde";"tallo"
"ID411";0,960005441285478;0,278037300453194;0,00597602289500594;1,5497531357029e-07;1,26641655490942e-14;9,72098502030078e-21;5,76832996124788e-28;"H11";"M";"FEB";"Z";"verde";"hoja"
"ID412";0,000335462627902512;0,00153381067932446;0,135335283236613;0,923116346386636;0,0198410947443703;6,25215037748203e-05;1,52299797447126e-08;"H11";"M";"FEB";"sin";"verde";"hoja"
"ID413";8,11853834914405e-08;1,52299797447126e-08;6,25215037748203e-05;0,135335283236613;0,923116346386636;0,135335283236613;0,00153381067932446;"H12";"M";"FEB";"sin";"verde";"tallo"
"ID414";1;0,135335283236613;0,00153381067932446;1,52299797447126e-08;4,76530473529909e-16;1,92874984796392e-22;6,03486080597101e-30;"H12";"M";"FEB";"sin";"seco";"fruto"
"ID415";1;0,135335283236613;0,00153381067932446;1,52299797447126e-08;4,76530473529909e-16;1,92874984796392e-22;6,03486080597101e-30;"H11";"M";"FEB";"AQ";"seco";"hoja"
"ID416";0,692569324205198;0,726149037073691;0,0561347628341337;9,92950430585108e-06;5,53461007170101e-12;1,5279799682873e-17;3,26102718071105e-24;"H11";"M";"FEB";"AQ";"verde";"hoja"
"ID417";0,692569324205198;0,726149037073691;0,0561347628341337;9,92950430585108e-06;5,53461007170101e-12;1,5279799682873e-17;3,26102718071105e-24;"H11";"M";"FEB";"AL";"verde";"hoja"
"ID418";1;0,135335283236613;0,00153381067932446;1,52299797447126e-08;4,76530473529909e-16;1,92874984796392e-22;6,03486080597101e-30;"H12";"M";"FEB";"T";"verde";"hoja"
"ID419";1;0,135335283236613;0,00153381067932446;1,52299797447126e-08;4,76530473529909e-16;1,92874984796392e-22;6,03486080597101e-30;"H12";"M";"FEB";"I";"verde";"hoja"
"ID420";0,692569324205198;0,726149037073691;0,0561347628341337;9,92950430585108e-06;5,53461007170101e-12;1,5279799682873e-17;3,26102718071105e-24;"H12";"M";"FEB";"sin";"verde";"hoja"
"ID421";1;0,135335283236613;0,00153381067932446;1,52299797447126e-08;4,76530473529909e-16;1,92874984796392e-22;6,03486080597101e-30;"H6";"M";"MAR";"sin";"seco";"tallo"
"ID422";0,960005441285478;0,278037300453194;0,00597602289500594;1,5497531357029e-07;1,26641655490942e-14;9,72098502030078e-21;5,76832996124788e-28;"H2";"V";"MAR";"B";"seco";"hoja"
"ID423";1;0,135335283236613;0,00153381067932446;1,52299797447126e-08;4,76530473529909e-16;1,92874984796392e-22;6,03486080597101e-30;"H5";"V";"MAR";"AQ";"verde";"fruto"
"ID424";0,692569324205198;0,726149037073691;0,0561347628341337;9,92950430585108e-06;5,53461007170101e-12;1,5279799682873e-17;3,26102718071105e-24;"H9";"V";"MAR";"AD";"seco";"hoja"
"ID425";1;0,135335283236613;0,00153381067932446;1,52299797447126e-08;4,76530473529909e-16;1,92874984796392e-22;6,03486080597101e-30;"H9";"V";"MAR";"AA";"seco";"hoja"
"ID426";1;0,135335283236613;0,00153381067932446;1,52299797447126e-08;4,76530473529909e-16;1,92874984796392e-22;6,03486080597101e-30;"H9";"V";"MAR";"AA";"seco";"flor"
"ID427";0,849365816568312;0,486752255959972;0,0198410947443703;1,34381227763152e-06;2,8679750088881e-13;4,17501005585051e-19;4,69835486089801e-26;"H2";"V";"MAR";"sin";"seco";"tallo"
"ID428";0,849365816568312;0,486752255959972;0,0198410947443703;1,34381227763152e-06;2,8679750088881e-13;4,17501005585051e-19;4,69835486089801e-26;"H2";"V";"MAR";"sin";"verde";"tallo"
"ID429";1;0,135335283236613;0,00153381067932446;1,52299797447126e-08;4,76530473529909e-16;1,92874984796392e-22;6,03486080597101e-30;"H2";"V";"MAR";"AA";"seco";"hoja"
"ID430";1;0,135335283236613;0,00153381067932446;1,52299797447126e-08;4,76530473529909e-16;1,92874984796392e-22;6,03486080597101e-30;"H2";"V";"MAR";"AA";"verde";"flor"
"ID431";0,849365816568312;0,486752255959972;0,0198410947443703;1,34381227763152e-06;2,8679750088881e-13;4,17501005585051e-19;4,69835486089801e-26;"H2";"V";"MAR";"I";"verde";"hoja"
"ID432";0,960005441285478;0,278037300453194;0,00597602289500594;1,5497531357029e-07;1,26641655490942e-14;9,72098502030078e-21;5,76832996124788e-28;"H2";"V";"MAR";"I";"verde";"flor"
"ID433";1;0,135335283236613;0,00153381067932446;1,52299797447126e-08;4,76530473529909e-16;1,92874984796392e-22;6,03486080597101e-30;"H2";"V";"MAR";"O";"seco";"hoja"
"ID434";1;0,135335283236613;0,00153381067932446;1,52299797447126e-08;4,76530473529909e-16;1,92874984796392e-22;6,03486080597101e-30;"H3";"V";"MAR";"sin";"seco";"tallo"
"ID435";0,520450121020702;0,923116346386636;0,135335283236613;6,25215037748203e-05;9,10147076448794e-11;4,76530473529909e-16;1,92874984796392e-22;"H3";"V";"MAR";"AD";"verde";"hoja"
"ID436";0,360447788597821;1;0,278037300453194;0,000335462627902512;1,27540762952604e-09;1,26641655490942e-14;9,72098502030078e-21;"H3";"V";"MAR";"AD";"seco";"hoja"
"ID437";1;0,135335283236613;0,00153381067932446;1,52299797447126e-08;4,76530473529909e-16;1,92874984796392e-22;6,03486080597101e-30;"H3";"V";"MAR";"Y";"seco";"tallo"
"ID438";1;0,135335283236613;0,00153381067932446;1,52299797447126e-08;4,76530473529909e-16;1,92874984796392e-22;6,03486080597101e-30;"H3";"V";"MAR";"Y";"seco";"fruto"
"ID439";0,960005441285478;0,278037300453194;0,00597602289500594;1,5497531357029e-07;1,26641655490942e-14;9,72098502030078e-21;5,76832996124788e-28;"H3";"V";"MAR";"AQ";"seco";"fruto"
"ID440";0,960005441285478;0,278037300453194;0,00597602289500594;1,5497531357029e-07;1,26641655490942e-14;9,72098502030078e-21;5,76832996124788e-28;"H3";"V";"MAR";"AL";"seco";"fruto"
"ID441";1;0,135335283236613;0,00153381067932446;1,52299797447126e-08;4,76530473529909e-16;1,92874984796392e-22;6,03486080597101e-30;"H3";"V";"MAR";"AL";"seco";"hoja"
"ID442";1;0,135335283236613;0,00153381067932446;1,52299797447126e-08;4,76530473529909e-16;1,92874984796392e-22;6,03486080597101e-30;"H3";"V";"MAR";"sin";"seco";"flor"
"ID443";1;0,135335283236613;0,00153381067932446;1,52299797447126e-08;4,76530473529909e-16;1,92874984796392e-22;6,03486080597101e-30;"H3";"V";"MAR";"I";"seco";"hoja"
"ID444";1;0,135335283236613;0,00153381067932446;1,52299797447126e-08;4,76530473529909e-16;1,92874984796392e-22;6,03486080597101e-30;"H3";"V";"MAR";"AN";"verde";"hoja"
"ID445";0,960005441285478;0,278037300453194;0,00597602289500594;1,5497531357029e-07;1,26641655490942e-14;9,72098502030078e-21;5,76832996124788e-28;"H5";"V";"MAR";"Y";"verde";"hoja"
"ID446";0,960005441285478;0,278037300453194;0,00597602289500594;1,5497531357029e-07;1,26641655490942e-14;9,72098502030078e-21;5,76832996124788e-28;"H5";"V";"MAR";"sin";"verde";"tallo"
"ID447";0,849365816568312;0,486752255959972;0,0198410947443703;1,34381227763152e-06;2,8679750088881e-13;4,17501005585051e-19;4,69835486089801e-26;"H5";"V";"MAR";"sin";"verde";"flor"
"ID448";0,960005441285478;0,278037300453194;0,00597602289500594;1,5497531357029e-07;1,26641655490942e-14;9,72098502030078e-21;5,76832996124788e-28;"H5";"V";"MAR";"AD";"verde";"hoja"
"ID449";0,960005441285478;0,278037300453194;0,00597602289500594;1,5497531357029e-07;1,26641655490942e-14;9,72098502030078e-21;5,76832996124788e-28;"H5";"V";"MAR";"AQ";"seco";"hoja"
"ID450";0,849365816568312;0,486752255959972;0,0198410947443703;1,34381227763152e-06;2,8679750088881e-13;4,17501005585051e-19;4,69835486089801e-26;"H5";"V";"MAR";"sin";"verde";"hoja"
"ID451";1;0,135335283236613;0,00153381067932446;1,52299797447126e-08;4,76530473529909e-16;1,92874984796392e-22;6,03486080597101e-30;"H7";"V";"MAR";"AQ";"verde";"fruto"
"ID452";0,360447788597821;1;0,278037300453194;0,000335462627902512;1,27540762952604e-09;1,26641655490942e-14;9,72098502030078e-21;"H7";"V";"MAR";"sin";"seco";"tallo"
"ID453";1;0,135335283236613;0,00153381067932446;1,52299797447126e-08;4,76530473529909e-16;1,92874984796392e-22;6,03486080597101e-30;"H7";"V";"MAR";"sin";"verde";"tallo"
"ID454";0,849365816568312;0,486752255959972;0,0198410947443703;1,34381227763152e-06;2,8679750088881e-13;4,17501005585051e-19;4,69835486089801e-26;"H7";"V";"MAR";"AD";"seco";"hoja"
"ID455";1;0,135335283236613;0,00153381067932446;1,52299797447126e-08;4,76530473529909e-16;1,92874984796392e-22;6,03486080597101e-30;"H7";"V";"MAR";"AA";"verde";"flor"
"ID456";1;0,135335283236613;0,00153381067932446;1,52299797447126e-08;4,76530473529909e-16;1,92874984796392e-22;6,03486080597101e-30;"H7";"V";"MAR";"sin";"verde";"flor"
"ID457";1;0,135335283236613;0,00153381067932446;1,52299797447126e-08;4,76530473529909e-16;1,92874984796392e-22;6,03486080597101e-30;"H7";"V";"MAR";"Y";"seco";"fruto"
"ID458";0,692569324205198;0,726149037073691;0,0561347628341337;9,92950430585108e-06;5,53461007170101e-12;1,5279799682873e-17;3,26102718071105e-24;"H7";"V";"MAR";"I";"verde";"hoja"
"ID459";0,360447788597821;1;0,278037300453194;0,000335462627902512;1,27540762952604e-09;1,26641655490942e-14;9,72098502030078e-21;"H7";"V";"MAR";"AQ";"seco";"hoja"
"ID460";0,960005441285478;0,278037300453194;0,00597602289500594;1,5497531357029e-07;1,26641655490942e-14;9,72098502030078e-21;5,76832996124788e-28;"H7";"V";"MAR";"sin";"seco";"fruto"
"ID461";1;0,135335283236613;0,00153381067932446;1,52299797447126e-08;4,76530473529909e-16;1,92874984796392e-22;6,03486080597101e-30;"H7";"V";"MAR";"T";"verde";"fruto"
"ID462";1;0,135335283236613;0,00153381067932446;1,52299797447126e-08;4,76530473529909e-16;1,92874984796392e-22;6,03486080597101e-30;"H7";"V";"MAR";"A";"seco";"fruto"
"ID463";1;0,135335283236613;0,00153381067932446;1,52299797447126e-08;4,76530473529909e-16;1,92874984796392e-22;6,03486080597101e-30;"H9";"V";"MAR";"AQ";"seco";"hoja"
"ID464";1;0,135335283236613;0,00153381067932446;1,52299797447126e-08;4,76530473529909e-16;1,92874984796392e-22;6,03486080597101e-30;"H9";"V";"MAR";"I";"seco";"hoja"
"ID465";0,960005441285478;0,278037300453194;0,00597602289500594;1,5497531357029e-07;1,26641655490942e-14;9,72098502030078e-21;5,76832996124788e-28;"H9";"V";"MAR";"sin";"seco";"tallo"
"ID466";0,360447788597821;1;0,278037300453194;0,000335462627902512;1,27540762952604e-09;1,26641655490942e-14;9,72098502030078e-21;"H9";"V";"MAR";"AD";"seco";"hoja"
"ID467";0,692569324205198;0,726149037073691;0,0561347628341337;9,92950430585108e-06;5,53461007170101e-12;1,5279799682873e-17;3,26102718071105e-24;"H9";"V";"MAR";"sin";"verde";"hoja"
"ID468";0,849365816568312;0,486752255959972;0,0198410947443703;1,34381227763152e-06;2,8679750088881e-13;4,17501005585051e-19;4,69835486089801e-26;"H11";"M";"MAR";"sin";"seco";"tallo"
"ID469";1;0,135335283236613;0,00153381067932446;1,52299797447126e-08;4,76530473529909e-16;1,92874984796392e-22;6,03486080597101e-30;"H11";"M";"MAR";"AD";"verde";"hoja"
"ID470";0,520450121020702;0,923116346386636;0,135335283236613;6,25215037748203e-05;9,10147076448794e-11;4,76530473529909e-16;1,92874984796392e-22;"H11";"M";"MAR";"sin";"verde";"hoja"
"ID471";0,849365816568312;0,486752255959972;0,0198410947443703;1,34381227763152e-06;2,8679750088881e-13;4,17501005585051e-19;4,69835486089801e-26;"H11";"M";"MAR";"F";"seco";"fruto"
"ID472";0,360447788597821;1;0,278037300453194;0,000335462627902512;1,27540762952604e-09;1,26641655490942e-14;9,72098502030078e-21;"H11";"M";"MAR";"S";"seco";"flor"
"ID473";0,960005441285478;0,278037300453194;0,00597602289500594;1,5497531357029e-07;1,26641655490942e-14;9,72098502030078e-21;5,76832996124788e-28;"H11";"M";"MAR";"AJ";"seco";"flor"
"ID474";1;0,135335283236613;0,00153381067932446;1,52299797447126e-08;4,76530473529909e-16;1,92874984796392e-22;6,03486080597101e-30;"H11";"M";"MAR";"sin";"verde";"fruto"
"ID475";1;0,135335283236613;0,00153381067932446;1,52299797447126e-08;4,76530473529909e-16;1,92874984796392e-22;6,03486080597101e-30;"H11";"M";"MAR";"sin";"seco";"hoja"
